{"content_file":"https:\/\/demo.themeisle.com\/neve-shop-bb\/wp-content\/uploads\/sites\/256\/ti-demo-data\/export.xml","theme_mods":{"ti_about_recommended_plugins":{"otter-blocks":"visible"},"neve_last_menu_item":"[\"search\",\"cart\"]","ti_prev_theme":"twentyseventeen","custom_css_post_id":49,"primary-menu_component_align":"right","hfg_header_layout_main_layout":"layout-full-contained","hfg_header_layout_main_color":"#24292e","hfg_header_layout_main_skin":"dark-mode","primary-menu_color":"#ffffff","primary-menu_active_color":"#ffffff","primary-menu_hover_color":"#ffffff","logo_show_tagline":0,"hfg_footer_layout":"{\"desktop\":{\"top\":[{\"x\":0,\"y\":1,\"width\":3,\"height\":1,\"id\":\"footer-one-widgets\"},{\"x\":3,\"y\":1,\"width\":3,\"height\":1,\"id\":\"footer-two-widgets\"},{\"x\":6,\"y\":1,\"width\":3,\"height\":1,\"id\":\"footer-three-widgets\"},{\"x\":9,\"y\":1,\"width\":3,\"height\":1,\"id\":\"footer-four-widgets\"}],\"bottom\":[{\"x\":0,\"y\":1,\"width\":12,\"height\":1,\"id\":\"footer_copyright\"}]}}","hfg_footer_layout_top_layout":"layout-fullwidth","hfg_footer_layout_top_skin":"dark-mode","hfg_footer_layout_top_color":"#24292e","neve_body_font_family":"Open Sans","neve_body_font_size":"{\"suffix\":{\"mobile\":\"px\",\"tablet\":\"px\",\"desktop\":\"px\"},\"mobile\":15,\"tablet\":16,\"desktop\":20}","neve_headings_font_family":"Roboto Condensed","neve_h1_font_size":"{\"suffix\":{\"mobile\":\"em\",\"tablet\":\"em\",\"desktop\":\"px\"},\"mobile\":1.5,\"tablet\":1.5,\"desktop\":48}","neve_h2_font_size":"{\"suffix\":{\"mobile\":\"em\",\"tablet\":\"em\",\"desktop\":\"px\"},\"mobile\":1.3,\"tablet\":1.3,\"desktop\":30}","neve_h4_font_size":"{\"suffix\":{\"mobile\":\"em\",\"tablet\":\"em\",\"desktop\":\"px\"},\"mobile\":1,\"tablet\":1,\"desktop\":14}","neve_headings_font_weight":"400","neve_h3_font_size":"{\"suffix\":{\"mobile\":\"em\",\"tablet\":\"em\",\"desktop\":\"px\"},\"mobile\":1.1,\"tablet\":1.1,\"desktop\":15}","hfg_header_layout":"{\"desktop\":{\"top\":[],\"main\":[{\"x\":0,\"y\":1,\"width\":4,\"height\":1,\"id\":\"logo\"},{\"x\":4,\"y\":1,\"width\":8,\"height\":1,\"id\":\"primary-menu\"}],\"bottom\":[]},\"mobile\":{\"top\":[],\"main\":[{\"x\":0,\"y\":1,\"width\":8,\"height\":1,\"id\":\"logo\"},{\"x\":8,\"y\":1,\"width\":4,\"height\":1,\"id\":\"nav-icon\"}],\"bottom\":[],\"sidebar\":[{\"x\":0,\"y\":1,\"width\":8,\"height\":1,\"id\":\"primary-menu\"}]}}","footer-one-widgets_component_margin":{"desktop":{"top":"0","right":"0","bottom":"0","left":"0"},"tablet":{"top":"","right":"","bottom":"","left":""},"mobile":{"top":"","right":"","bottom":"","left":""},"desktop-unit":"px","tablet-unit":"px","mobile-unit":"px"},"neve_link_color":"#0366d6","neve_link_hover_color":"#0366d6","neve_text_color":"#111111","hfg_header_layout_main_height":"{\"mobile\":0,\"tablet\":0,\"desktop\":60}","logo_max_width":"{\"mobile\":120,\"tablet\":120,\"desktop\":70}","neve_default_sidebar_layout":"left","neve_advanced_layout_options":true,"neve_blog_archive_sidebar_layout":"left","neve_shop_archive_sidebar_layout":"left","neve_single_product_sidebar_layout":"left","neve_shop_archive_content_width":70,"neve_other_pages_sidebar_layout":"left","neve_blog_archive_content_width":70,"neve_body_font_weight":"400","footer-one-widgets_component_padding":{"desktop":{"top":"","right":"","bottom":"","left":""},"tablet":{"top":"","right":"","bottom":"","left":""},"mobile":{"top":"","right":"","bottom":"","left":""},"desktop-unit":"px","tablet-unit":"px","mobile-unit":"px"},"neve_headings_letter_spacing":2,"__ti_import_menus_location":{"primary":"main-menu"}},"wp_options":{"obfx_data":{"core_settings":[],"module_status":{"social-sharing":{"showed_notices":[]},"gutenberg-blocks":{"showed_notices":[],"active":false},"uptime-monitor":{"showed_notices":[]},"google-analytics":{"showed_notices":[]},"template-directory":{"showed_notices":[],"active":false},"menu-icons":{"showed_notices":[],"active":false},"mystock-import":{"showed_notices":[],"active":false},"policy-notice":{"showed_notices":[]},"beaver-widgets":{"showed_notices":[]},"safe-updates":{"showed_notices":[]}},"module_settings":{"safe-updates":{"auto_update_checks":"0"}}}},"widgets":{"blog-sidebar":{"search-2":{"title":""},"recent-posts-2":{"title":"","number":5},"recent-comments-2":{"title":"","number":5},"archives-2":{"title":"","count":0,"dropdown":0},"categories-2":{"title":"","count":0,"hierarchical":0,"dropdown":0},"meta-2":{"title":""}},"shop-sidebar":{"woocommerce_price_filter-2":{"title":"Filter by price"},"woocommerce_product_categories-4":{"title":"Product categories","orderby":"name","dropdown":0,"count":0,"hierarchical":1,"show_children_only":0,"hide_empty":0,"max_depth":""},"woocommerce_recent_reviews-3":{"title":"Recent reviews","number":5},"woocommerce_recently_viewed_products-2":{"title":"Recently Viewed Products","number":2}},"footer-one-widgets":{"text-3":{"title":"ABOUT MY SHOP","text":"<div class=\"textwidget\">\r\n\r\nPellentesque semper vulputate leo, nec malesuada massa. Aenean dapibus libero eget.\r\n\r\nPhone: +1 234 567 89 10\r\n\r\nEmail:\u00a0<a href=\"mailto:company@example.com\">company@example.com<\/a>\r\n\r\n<\/div>\r\n","filter":true,"visual":true}},"footer-two-widgets":{"recent-comments-4":[]},"footer-three-widgets":{"woocommerce_top_rated_products-3":{"title":"Top rated products","number":2}},"footer-four-widgets":{"woocommerce_product_categories-3":{"title":"Product categories","orderby":"name","dropdown":0,"count":1,"hierarchical":1,"show_children_only":0,"hide_empty":0,"max_depth":""}}},"recommended_plugins":{"woocommerce":"WooCommerce"},"mandatory_plugins":{"beaver-builder-lite-version":"WordPress Page Builder &#8211; Beaver Builder","wpzoom-addons-for-beaver-builder":"Beaver Builder Addons by WPZOOM","themeisle-companion":"Orbit Fox by ThemeIsle"},"default_off_recommended_plugins":[],"front_page":{"front_page":"neve-shop-bb-home","blog_page":"neve-shop-bb-blog"},"shop_pages":{"woocommerce_shop_page_id":"shop","woocommerce_cart_page_id":"cart","woocommerce_checkout_page_id":"checkout","woocommerce_myaccount_page_id":"my-account"}}