{"content_file":"https:\/\/demo.themeisle.com\/neve-themotion\/wp-content\/uploads\/sites\/215\/ti-demo-data\/export.xml","theme_mods":{"ti_about_recommended_plugins":{"otter-blocks":"visible"},"neve_last_menu_item":"[]","ti_prev_theme":"twentyseventeen","custom_css_post_id":-1,"neve_post_excerpt_length":40,"logo_show_tagline":0,"neve_body_font_family":"Open Sans","neve_headings_font_family":"Open Sans","neve_link_color":"#5bc19a","neve_link_hover_color":"#628d7c","neve_button_color":"#7fcaad","neve_button_hover_color":"#628d7c","neve_button_border_radius":0,"neve_secondary_button_border_radius":0,"neve_headings_text_transform":"uppercase","neve_generated_style_version":1564485135,"neve_h1_font_size":"{\"suffix\":{\"mobile\":\"px\",\"tablet\":\"px\",\"desktop\":\"px\"},\"mobile\":35,\"tablet\":40,\"desktop\":50}","neve_h2_font_size":"{\"suffix\":{\"mobile\":\"px\",\"tablet\":\"px\",\"desktop\":\"px\"},\"mobile\":22,\"tablet\":20,\"desktop\":25}","neve_h3_font_size":"{\"suffix\":{\"mobile\":\"px\",\"tablet\":\"px\",\"desktop\":\"px\"},\"mobile\":18,\"tablet\":18,\"desktop\":20}","neve_h4_font_size":"{\"suffix\":{\"mobile\":\"px\",\"tablet\":\"px\",\"desktop\":\"px\"},\"mobile\":16,\"tablet\":16,\"desktop\":16}","neve_h5_font_size":"{\"suffix\":{\"mobile\":\"px\",\"tablet\":\"px\",\"desktop\":\"px\"},\"mobile\":14,\"tablet\":14,\"desktop\":14}","neve_h6_font_size":"{\"suffix\":{\"mobile\":\"px\",\"tablet\":\"px\",\"desktop\":\"px\"},\"mobile\":12,\"tablet\":12,\"desktop\":12}","custom_logo":80,"logo_max_width":"{\"mobile\":120,\"tablet\":120,\"desktop\":150}","neve_grid_layout":3,"neve_default_sidebar_layout":"full-width","neve_advanced_layout_options":true,"neve_blog_archive_sidebar_layout":"full-width","neve_other_pages_sidebar_layout":"full-width","neve_blog_archive_content_width":100,"neve_headings_line_height":"{\"mobile\":1.6,\"tablet\":1.6,\"desktop\":1.5}","neve_headings_font_weight":"600","neve_body_line_height":"{\"mobile\":1.6,\"tablet\":1.6,\"desktop\":1.7}","neve_body_font_weight":"400","primary-menu_style":"style-border-bottom","primary-menu_active_color":"#5bc19a","primary-menu_hover_color":"#5bc19a","hfg_footer_layout_bottom_color":"#2b2b2a","primary-menu_color":"#2b2b2a","hfg_header_layout_main_color":"#ffffff","hfg_header_layout_main_skin":"light-mode","__ti_import_menus_location":{"primary":"main-menu"}},"wp_options":{"elementor_disable_color_schemes":"yes","elementor_disable_typography_schemes":"yes","obfx_data":{"core_settings":[],"module_status":{"social-sharing":{"showed_notices":[]},"gutenberg-blocks":{"showed_notices":[],"active":false},"uptime-monitor":{"showed_notices":[]},"google-analytics":{"showed_notices":[]},"elementor-widgets":{"showed_notices":[]},"template-directory":{"showed_notices":[],"active":false},"menu-icons":{"showed_notices":[],"active":false},"mystock-import":{"showed_notices":[],"active":false},"policy-notice":{"showed_notices":[]},"safe-updates":{"showed_notices":[]}},"module_settings":{"safe-updates":{"auto_update_checks":"0"}}},"elementor_load_fa4_shim":""},"widgets":{"blog-sidebar":{"search-2":{"title":""},"recent-posts-2":{"title":"","number":5},"recent-comments-2":{"title":"","number":5},"archives-2":{"title":"","count":0,"dropdown":0},"categories-2":{"title":"","count":0,"hierarchical":0,"dropdown":0},"meta-2":{"title":""}}},"recommended_plugins":[],"mandatory_plugins":{"elementor":"Elementor Page Builder","themeisle-companion":"Orbit Fox by ThemeIsle"},"default_off_recommended_plugins":[],"front_page":{"front_page":"neve-themotion-home","blog_page":"neve-themotion-blog"},"shop_pages":null}