{"content_file":"https:\/\/demo.themeisle.com\/neve-bb-architecture\/wp-content\/uploads\/sites\/229\/ti-demo-data\/export.xml","theme_mods":{"ti_about_recommended_plugins":{"otter-blocks":"visible"},"neve_last_menu_item":"[]","ti_prev_theme":"twentyseventeen","custom_css_post_id":15,"neve_body_font_family":"Roboto","neve_headings_font_family":"Raleway","neve_h1_font_size":"{\"suffix\":{\"mobile\":\"em\",\"tablet\":\"em\",\"desktop\":\"px\"},\"mobile\":1.5,\"tablet\":1.5,\"desktop\":70}","neve_h2_font_size":"{\"suffix\":{\"mobile\":\"em\",\"tablet\":\"em\",\"desktop\":\"px\"},\"mobile\":1.3,\"tablet\":1.3,\"desktop\":40}","neve_h3_font_size":"{\"suffix\":{\"mobile\":\"em\",\"tablet\":\"em\",\"desktop\":\"px\"},\"mobile\":1.1,\"tablet\":1.1,\"desktop\":20}","neve_h4_font_size":"{\"suffix\":{\"mobile\":\"em\",\"tablet\":\"em\",\"desktop\":\"px\"},\"mobile\":1,\"tablet\":1,\"desktop\":18}","neve_headings_font_weight":"900","neve_headings_text_transform":"uppercase","neve_h5_font_size":"{\"suffix\":{\"mobile\":\"em\",\"tablet\":\"em\",\"desktop\":\"px\"},\"mobile\":0.75,\"tablet\":0.75,\"desktop\":16}","neve_h6_font_size":"{\"suffix\":{\"mobile\":\"em\",\"tablet\":\"em\",\"desktop\":\"px\"},\"mobile\":0.75,\"tablet\":0.75,\"desktop\":14}","neve_headings_line_height":"{\"mobile\":1.6,\"tablet\":1.6,\"desktop\":1}","neve_body_font_size":"{\"suffix\":{\"mobile\":\"px\",\"tablet\":\"px\",\"desktop\":\"px\"},\"mobile\":15,\"tablet\":16,\"desktop\":17}","neve_link_color":"#3333f5","neve_link_hover_color":"#0606ae","neve_text_color":"#111111","neve_button_color":"#3333f5","custom_logo":105,"primary-menu_style":"style-border-bottom","primary-menu_component_padding":{"desktop":{"top":"0","right":"","bottom":"0","left":""},"tablet":{"top":"","right":"","bottom":"","left":""},"mobile":{"top":"","right":"","bottom":"","left":""},"desktop-unit":"px","tablet-unit":"px","mobile-unit":"px"},"primary-menu_component_margin":{"desktop":{"top":"0","right":"","bottom":"0","left":""},"tablet":{"top":"","right":"","bottom":"","left":""},"mobile":{"top":"","right":"","bottom":"","left":""},"desktop-unit":"%","tablet-unit":"px","mobile-unit":"px"},"primary-menu_color":"#111111","hfg_footer_layout":"{\"desktop\":{\"top\":[],\"bottom\":[{\"x\":0,\"y\":1,\"width\":3,\"height\":1,\"id\":\"footer_copyright\"},{\"x\":5,\"y\":1,\"width\":2,\"height\":1,\"id\":\"footer-menu\"}]}}","hfg_header_layout":"{\"desktop\":{\"top\":[],\"main\":[{\"x\":0,\"y\":1,\"width\":3,\"height\":1,\"id\":\"logo\"},{\"x\":4,\"y\":1,\"width\":7,\"height\":1,\"id\":\"primary-menu\"},{\"x\":11,\"y\":1,\"width\":1,\"height\":1,\"id\":\"header_search_responsive\"}],\"bottom\":[]},\"mobile\":{\"top\":[],\"main\":[{\"x\":0,\"y\":1,\"width\":8,\"height\":1,\"id\":\"logo\"},{\"x\":8,\"y\":1,\"width\":4,\"height\":1,\"id\":\"nav-icon\"}],\"bottom\":[],\"sidebar\":[{\"x\":0,\"y\":1,\"width\":8,\"height\":1,\"id\":\"primary-menu\"}]}}","footer_copyright_component_align":"left","footer-two-widgets_component_align":"center","footer-two-widgets_component_padding":{"desktop":{"top":"","right":"0","bottom":"0","left":"0"},"tablet":{"top":"","right":"","bottom":"","left":""},"mobile":{"top":"","right":"","bottom":"","left":""},"desktop-unit":"px","tablet-unit":"px","mobile-unit":"px"},"footer_copyright_component_padding":{"desktop":{"top":"0","right":"0","bottom":"0","left":"0"},"tablet":{"top":"","right":"","bottom":"","left":""},"mobile":{"top":"","right":"","bottom":"","left":""},"desktop-unit":"px","tablet-unit":"px","mobile-unit":"px"},"footer_copyright_component_margin":{"desktop":{"top":"","right":"0","bottom":"","left":"0"},"tablet":{"top":"","right":"","bottom":"","left":""},"mobile":{"top":"","right":"","bottom":"","left":""},"desktop-unit":"px","tablet-unit":"px","mobile-unit":"px"},"footer-two-widgets_component_margin":{"desktop":{"top":"0","right":"20","bottom":"0","left":"0"},"tablet":{"top":"","right":"","bottom":"","left":""},"mobile":{"top":"","right":"","bottom":"","left":""},"desktop-unit":"px","tablet-unit":"px","mobile-unit":"px"},"footer-one-widgets_component_align":"left","neve_blog_archive_layout":"alternative","neve_default_sidebar_layout":"full-width","neve_sitewide_content_width":100,"neve_post_excerpt_length":65,"__ti_import_menus_location":{"footer":"footer-menu","primary":"main-menu"}},"wp_options":{"obfx_data":{"core_settings":[],"module_status":{"social-sharing":{"showed_notices":[]},"gutenberg-blocks":{"showed_notices":[],"active":false},"uptime-monitor":{"showed_notices":[]},"google-analytics":{"showed_notices":[]},"template-directory":{"showed_notices":[],"active":false},"menu-icons":{"showed_notices":[],"active":false},"mystock-import":{"showed_notices":[],"active":false},"policy-notice":{"showed_notices":[]},"beaver-widgets":{"showed_notices":[]},"safe-updates":{"showed_notices":[]}},"module_settings":{"safe-updates":{"auto_update_checks":"0"}}}},"widgets":{"blog-sidebar":{"search-2":{"title":""},"recent-posts-2":{"title":"","number":5},"recent-comments-2":{"title":"","number":5},"archives-2":{"title":"","count":0,"dropdown":0},"categories-2":{"title":"","count":0,"hierarchical":0,"dropdown":0},"meta-2":{"title":""}},"footer-one-widgets":{"pages-3":{"title":"Contact","sortby":"post_title","exclude":""}},"footer-two-widgets":{"custom_html-4":{"title":"","content":"<a href=\"\">\r\nPrivacy and Terms\r\n<\/a>"}}},"recommended_plugins":[],"mandatory_plugins":{"beaver-builder-lite-version":"WordPress Page Builder &#8211; Beaver Builder","wpzoom-addons-for-beaver-builder":"Beaver Builder Addons by WPZOOM","themeisle-companion":"Orbit Fox by ThemeIsle"},"default_off_recommended_plugins":[],"front_page":{"front_page":"neve-bb-architecture-homepage","blog_page":"neve-bb-architecture-news-2"},"shop_pages":null}