{"content_file":"https:\/\/demo.themeisle.com\/neve-zelle-bb\/wp-content\/uploads\/sites\/257\/ti-demo-data\/export.xml","theme_mods":{"neve_last_menu_item":"[\"search\"]","custom_css_post_id":29,"neve_text_color":"#404040","neve_default_sidebar_layout":"full-width","neve_body_font_size":"{\"suffix\":{\"mobile\":\"px\",\"tablet\":\"px\",\"desktop\":\"px\"},\"mobile\":15,\"tablet\":16,\"desktop\":16}","neve_headings_font_family":"Montserrat","neve_h1_font_size":"{\"suffix\":{\"mobile\":\"em\",\"tablet\":\"em\",\"desktop\":\"px\"},\"mobile\":1.5,\"tablet\":1.5,\"desktop\":55}","neve_h2_font_size":"{\"suffix\":{\"mobile\":\"em\",\"tablet\":\"em\",\"desktop\":\"px\"},\"mobile\":1.3,\"tablet\":1.3,\"desktop\":45}","neve_h3_font_size":"{\"suffix\":{\"mobile\":\"em\",\"tablet\":\"em\",\"desktop\":\"px\"},\"mobile\":1.1,\"tablet\":1.1,\"desktop\":24}","neve_h4_font_size":"{\"suffix\":{\"mobile\":\"em\",\"tablet\":\"em\",\"desktop\":\"px\"},\"mobile\":1,\"tablet\":1,\"desktop\":16}","neve_h5_font_size":"{\"suffix\":{\"mobile\":\"em\",\"tablet\":\"em\",\"desktop\":\"px\"},\"mobile\":0.75,\"tablet\":0.75,\"desktop\":1}","neve_h6_font_size":"{\"suffix\":{\"mobile\":\"em\",\"tablet\":\"em\",\"desktop\":\"px\"},\"mobile\":0.75,\"tablet\":0.75,\"desktop\":1}","neve_headings_font_weight":"700","hfg_header_layout":"{\"desktop\":{\"top\":[{\"x\":0,\"y\":1,\"width\":4,\"height\":1,\"id\":\"logo\"},{\"x\":4,\"y\":1,\"width\":8,\"height\":1,\"id\":\"primary-menu\"}],\"main\":[],\"bottom\":[]},\"mobile\":{\"top\":[],\"main\":[{\"x\":0,\"y\":1,\"width\":8,\"height\":1,\"id\":\"logo\"},{\"x\":8,\"y\":1,\"width\":4,\"height\":1,\"id\":\"nav-icon\"}],\"bottom\":[],\"sidebar\":[{\"x\":0,\"y\":1,\"width\":8,\"height\":1,\"id\":\"primary-menu\"}]}}","hfg_footer_layout":"{\"desktop\":{\"top\":[{\"x\":0,\"y\":1,\"width\":3,\"height\":1,\"id\":\"footer-one-widgets\"},{\"x\":3,\"y\":1,\"width\":3,\"height\":1,\"id\":\"footer-two-widgets\"},{\"x\":6,\"y\":1,\"width\":3,\"height\":1,\"id\":\"footer-three-widgets\"},{\"x\":9,\"y\":1,\"width\":3,\"height\":1,\"id\":\"footer-four-widgets\"}],\"bottom\":[]}}","primary-menu_hover_color":"#e96656","primary-menu_color":"#404248","logo_component_margin":{"desktop":{"top":"2","right":"2","bottom":"2","left":"2"},"tablet":{"top":"","right":"","bottom":"","left":""},"mobile":{"top":"","right":"","bottom":"","left":""},"desktop-unit":"px","tablet-unit":"px","mobile-unit":"px"},"primary-menu_component_padding":{"desktop":{"top":"0","right":"0","bottom":"0","left":"0"},"tablet":{"top":"","right":"","bottom":"","left":""},"mobile":{"top":"","right":"","bottom":"","left":""},"desktop-unit":"px","tablet-unit":"px","mobile-unit":"px"},"hfg_header_layout_top_height":"{\"mobile\":0,\"tablet\":0,\"desktop\":0}","hfg_header_layout_top_color":"#ffffff","hfg_header_layout_top_skin":"light-mode","neve_body_font_weight":"400","neve_blog_archive_layout":"alternative","neve_post_meta_ordering":"[\"author\",\"category\",\"date\",\"comments\"]","neve_layout_single_post_elements_order":"[\"title-meta\",\"content\",\"tags\",\"comments\"]","__ti_import_menus_location":{"primary":"main-menu"}},"wp_options":{"_fl_builder_color_presets":["ffffff","rgba(0,0,0,0.4)","e96656","3ab0e2","cb4332","34d293"]},"widgets":{"blog-sidebar":{"search-2":{"title":""},"recent-posts-2":{"title":"","number":5},"recent-comments-2":{"title":"","number":5},"archives-2":{"title":"","count":0,"dropdown":0},"categories-2":{"title":"","count":0,"hierarchical":0,"dropdown":0},"meta-2":{"title":""}},"footer-one-widgets":{"custom_html-3":{"title":"","content":"<i class=\"fa fa-map-o\" aria-hidden=\"true\"><\/i>\r\n\r\n\r\n\r\n\r\n"},"text-3":{"title":"","text":"AGENCY LOCATION\r\n\r\n20 Povernei, District 1, Downtown Bucharest\r\n\r\nMON-FRI: 10 \u2013 17\r\nSAT: 10 \u2013 14","filter":true,"visual":true}},"footer-two-widgets":{"custom_html-4":{"title":"","content":"<i aria-hidden=\"true\" class=\"fas fa-envelope\">\r\n<\/i>"},"text-4":{"title":"","text":"GET OUR LATEST OFFERS","filter":true,"visual":true}},"footer-three-widgets":{"custom_html-5":{"title":"","content":"<i class=\"fa fa-envelope\" aria-hidden=\"true\"><\/i>"},"text-5":{"title":"","text":"24\/7 ASSISTANCE\r\n+40 332 548 987","filter":true,"visual":true}},"footer-four-widgets":{"custom_html-6":{"title":"","content":"<div class=\"footer-socialIcons\">\r\n\t<a href=\"#\" target=\"_blank\"><i class=\"fa fa-facebook\"><\/i><\/a>\r\n<a href=\"#\" target=\"_blank\"> \r\n<i class=\"fa fa-twitter\"><\/i><\/a>\r\n\t\r\n<a href=\"#\" target=\"_blank\"><i class=\"fa fa-linkedin\"><\/i><\/a>\r\n\t\r\n<a href=\"#\" target=\"_blank\"><i class=\"fa fa-behance\"><\/i><\/a>\r\n\t\r\n<a href=\"#\" target=\"_blank\"><i class=\"fa fa-dribbble\"><\/i><\/a>\r\n\t\r\n<a href=\"#\" target=\"_blank\"><i class=\"fa fa-instagram\"><\/i><\/a>\r\n\r\n\r\n<\/div>"},"custom_html-7":{"title":"","content":"\u00a9 2019<a href=\"https:\/\/themeisle.com\/\">Neve Agency<\/a>"}}},"recommended_plugins":[],"mandatory_plugins":{"beaver-builder-lite-version":"WordPress Page Builder &#8211; Beaver Builder","wpzoom-addons-for-beaver-builder":"Beaver Builder Addons by WPZOOM","themeisle-companion":"Orbit Fox by ThemeIsle"},"default_off_recommended_plugins":[],"front_page":{"front_page":"zelle","blog_page":"blog"},"shop_pages":null}