{"content_file":"https:\/\/demo.themeisle.com\/neve-fitness-brizy\/wp-content\/uploads\/sites\/213\/ti-demo-data\/export.xml","theme_mods":{"ti_about_recommended_plugins":{"otter-blocks":"visible"},"neve_last_menu_item":"[]","ti_prev_theme":"twentyseventeen","custom_css_post_id":-1,"custom_logo":87,"neve_body_font_family":"Poppins","neve_headings_font_family":"Poppins","neve_h1_font_size":"{\"suffix\":{\"mobile\":\"em\",\"tablet\":\"em\",\"desktop\":\"px\"},\"mobile\":1.5,\"tablet\":1.5,\"desktop\":70}","neve_h2_font_size":"{\"suffix\":{\"mobile\":\"em\",\"tablet\":\"em\",\"desktop\":\"px\"},\"mobile\":1.3,\"tablet\":1.3,\"desktop\":40}","neve_h3_font_size":"{\"suffix\":{\"mobile\":\"em\",\"tablet\":\"em\",\"desktop\":\"px\"},\"mobile\":1.1,\"tablet\":1.1,\"desktop\":23}","neve_h4_font_size":"{\"suffix\":{\"mobile\":\"em\",\"tablet\":\"em\",\"desktop\":\"px\"},\"mobile\":1,\"tablet\":1,\"desktop\":20}","neve_h5_font_size":"{\"suffix\":{\"mobile\":\"em\",\"tablet\":\"em\",\"desktop\":\"px\"},\"mobile\":0.75,\"tablet\":0.75,\"desktop\":16}","neve_h6_font_size":"{\"suffix\":{\"mobile\":\"em\",\"tablet\":\"em\",\"desktop\":\"px\"},\"mobile\":0.75,\"tablet\":0.75,\"desktop\":9}","neve_link_color":"#d7393e","neve_link_hover_color":"#1f1f20","logo_show_tagline":0,"logo_show_title":0,"logo_max_width":"{\"mobile\":120,\"tablet\":120,\"desktop\":175}","primary-menu_style":"style-border-bottom","primary-menu_active_color":"#d7393e","primary-menu_hover_color":"#d7393e","hfg_header_layout_main_height":"{\"mobile\":0,\"tablet\":0,\"desktop\":80}","neve_generated_style_version":1563883177,"neve_grid_layout":2,"neve_advanced_layout_options":true,"neve_blog_archive_sidebar_layout":"full-width","neve_blog_archive_content_width":100,"__ti_import_menus_location":{"primary":"main-menu","footer":"footer-menu"}},"wp_options":{"obfx_data":{"core_settings":[],"module_status":{"social-sharing":{"showed_notices":[]},"gutenberg-blocks":{"showed_notices":[],"active":false},"uptime-monitor":{"showed_notices":[]},"google-analytics":{"showed_notices":[]},"template-directory":{"showed_notices":[],"active":false},"menu-icons":{"showed_notices":[],"active":false},"mystock-import":{"showed_notices":[],"active":false},"policy-notice":{"showed_notices":[]},"safe-updates":{"showed_notices":[]}},"module_settings":{"safe-updates":{"auto_update_checks":"0"}}}},"widgets":{"blog-sidebar":{"search-2":{"title":""},"recent-posts-2":{"title":"","number":5},"recent-comments-2":{"title":"","number":5},"archives-2":{"title":"","count":0,"dropdown":0},"categories-2":{"title":"","count":0,"hierarchical":0,"dropdown":0},"meta-2":{"title":""}}},"recommended_plugins":[],"mandatory_plugins":{"brizy":"Brizy &#8211; Page Builder"},"default_off_recommended_plugins":[],"front_page":{"front_page":"neve-fitness-brizy-homepage","blog_page":"neve-fitness-brizy-blog"},"shop_pages":null}