{"content_file":"https:\/\/demo.themeisle.com\/neve-tatoo-bb\/wp-content\/uploads\/sites\/271\/ti-demo-data\/export.xml","theme_mods":{"ti_about_recommended_plugins":{"otter-blocks":"visible"},"neve_last_menu_item":"[]","ti_prev_theme":"twentyseventeen","custom_css_post_id":90,"neve_blog_archive_layout":"default","neve_post_excerpt_length":70,"neve_advanced_layout_options":true,"neve_blog_archive_sidebar_layout":"full-width","neve_blog_archive_content_width":100,"logo_show_tagline":0,"logo_max_width":"{\"mobile\":120,\"tablet\":120,\"desktop\":160}","neve_body_font_family":"Montserrat","neve_headings_font_family":"Anton","neve_h1_font_size":"{\"suffix\":{\"mobile\":\"px\",\"tablet\":\"px\",\"desktop\":\"px\"},\"mobile\":50,\"tablet\":100,\"desktop\":100}","neve_h2_font_size":"{\"suffix\":{\"mobile\":\"px\",\"tablet\":\"em\",\"desktop\":\"px\"},\"mobile\":25,\"tablet\":1.3,\"desktop\":41}","neve_h3_font_size":"{\"suffix\":{\"mobile\":\"px\",\"tablet\":\"em\",\"desktop\":\"px\"},\"mobile\":18,\"tablet\":1.1,\"desktop\":28}","neve_h4_font_size":"{\"suffix\":{\"mobile\":\"px\",\"tablet\":\"em\",\"desktop\":\"px\"},\"mobile\":16,\"tablet\":1,\"desktop\":24}","neve_h5_font_size":"{\"suffix\":{\"mobile\":\"px\",\"tablet\":\"em\",\"desktop\":\"px\"},\"mobile\":15,\"tablet\":0.75,\"desktop\":20}","neve_h6_font_size":"{\"suffix\":{\"mobile\":\"px\",\"tablet\":\"em\",\"desktop\":\"px\"},\"mobile\":12,\"tablet\":0.75,\"desktop\":14}","neve_headings_letter_spacing":0.5,"neve_headings_font_weight":"400","neve_headings_text_transform":"uppercase","neve_link_color":"#10c0d8","neve_link_hover_color":"#10c0d8","neve_text_color":"#242424","primary-menu_style":"style-border-bottom","primary-menu_color":"#242424","primary-menu_active_color":"#e84803","primary-menu_hover_color":"#e84803","neve_button_color":"#e84803","neve_button_hover_color":"#db4301","neve_button_border_radius":0,"neve_secondary_button_color":"#10c0d8","neve_secondary_button_hover_color":"#00b5ce","neve_secondary_button_border_radius":0,"custom_logo":84,"hfg_footer_layout_bottom_color":"#000000","__ti_import_menus_location":{"primary":"neve-tatoo-main-menu"}},"wp_options":{"obfx_data":{"core_settings":[],"module_status":{"social-sharing":{"showed_notices":[]},"gutenberg-blocks":{"showed_notices":[],"active":false},"uptime-monitor":{"showed_notices":[]},"google-analytics":{"showed_notices":[]},"elementor-widgets":{"showed_notices":[]},"template-directory":{"showed_notices":[],"active":false},"menu-icons":{"showed_notices":[],"active":false},"mystock-import":{"showed_notices":[],"active":false},"policy-notice":{"showed_notices":[]},"safe-updates":{"showed_notices":[]},"beaver-widgets":{"showed_notices":[]}},"module_settings":{"safe-updates":{"auto_update_checks":"0"}}}},"widgets":{"blog-sidebar":{"search-2":{"title":""},"recent-posts-2":{"title":"","number":5},"recent-comments-2":{"title":"","number":5},"archives-2":{"title":"","count":0,"dropdown":0},"categories-2":{"title":"","count":0,"hierarchical":0,"dropdown":0},"meta-2":{"title":""}}},"recommended_plugins":[],"mandatory_plugins":{"beaver-builder-lite-version":"WordPress Page Builder &#8211; Beaver Builder","wpzoom-addons-for-beaver-builder":"Beaver Builder Addons by WPZOOM","themeisle-companion":"Orbit Fox by ThemeIsle"},"default_off_recommended_plugins":[],"front_page":{"front_page":"neve-tatoo-bb-home","blog_page":"neve-tatoo-bb-news"},"shop_pages":null}