{"content_file":"https:\/\/demo.themeisle.com\/neve-rokophoto\/wp-content\/uploads\/sites\/216\/ti-demo-data\/export.xml","theme_mods":{"ti_about_recommended_plugins":{"otter-blocks":"visible"},"neve_last_menu_item":"[\"search\"]","ti_prev_theme":"twentyseventeen","custom_css_post_id":-1,"logo_show_tagline":0,"neve_post_excerpt_length":40,"neve_generated_style_version":1564381394,"neve_headings_font_family":"Open Sans","neve_h1_font_size":"{\"suffix\":{\"mobile\":\"px\",\"tablet\":\"px\",\"desktop\":\"px\"},\"mobile\":45,\"tablet\":50,\"desktop\":50}","neve_h2_font_size":"{\"suffix\":{\"mobile\":\"px\",\"tablet\":\"px\",\"desktop\":\"px\"},\"mobile\":35,\"tablet\":40,\"desktop\":40}","neve_h3_font_size":"{\"suffix\":{\"mobile\":\"px\",\"tablet\":\"px\",\"desktop\":\"px\"},\"mobile\":28,\"tablet\":28,\"desktop\":28}","neve_h4_font_size":"{\"suffix\":{\"mobile\":\"px\",\"tablet\":\"px\",\"desktop\":\"px\"},\"mobile\":24,\"tablet\":24,\"desktop\":24}","neve_h5_font_size":"{\"suffix\":{\"mobile\":\"px\",\"tablet\":\"px\",\"desktop\":\"px\"},\"mobile\":20,\"tablet\":20,\"desktop\":20}","neve_h6_font_size":"{\"suffix\":{\"mobile\":\"px\",\"tablet\":\"px\",\"desktop\":\"px\"},\"mobile\":16,\"tablet\":16,\"desktop\":16}","neve_headings_font_weight":"600","neve_body_font_family":"Open Sans","neve_body_font_weight":"400","neve_link_color":"#fec503","neve_link_hover_color":"#efb900","neve_text_color":"#000000","neve_button_color":"#000000","neve_button_hover_color":"#fec503","neve_button_border_radius":0,"neve_headings_text_transform":"uppercase","hfg_footer_layout_bottom_color":"#000000","hfg_footer_layout_bottom_skin":"dark-mode","background_color":"ffffff","primary-menu_style":"style-border-bottom","primary-menu_active_color":"#fec503","primary-menu_hover_color":"#fec503","custom_logo":81,"logo_max_width":"{\"mobile\":120,\"tablet\":120,\"desktop\":60}","neve_blog_archive_layout":"alternative","neve_advanced_layout_options":true,"neve_blog_archive_sidebar_layout":"full-width","neve_blog_archive_content_width":100,"neve_post_meta_ordering":"[\"author\",\"date\"]","__ti_import_menus_location":{"primary":"primary"}},"wp_options":{"elementor_disable_color_schemes":"yes","elementor_disable_typography_schemes":"yes","elementor_load_fa4_shim":"","obfx_data":{"core_settings":[],"module_status":{"social-sharing":{"showed_notices":[]},"gutenberg-blocks":{"showed_notices":[],"active":false},"uptime-monitor":{"showed_notices":[]},"google-analytics":{"showed_notices":[]},"elementor-widgets":{"showed_notices":[]},"template-directory":{"showed_notices":[],"active":false},"menu-icons":{"showed_notices":[],"active":false},"mystock-import":{"showed_notices":[],"active":false},"policy-notice":{"showed_notices":[]},"safe-updates":{"showed_notices":[]}},"module_settings":{"safe-updates":{"auto_update_checks":"0"}}}},"widgets":{"blog-sidebar":{"search-2":{"title":""},"recent-posts-2":{"title":"","number":5},"recent-comments-2":{"title":"","number":5},"archives-2":{"title":"","count":0,"dropdown":0},"categories-2":{"title":"","count":0,"hierarchical":0,"dropdown":0},"meta-2":{"title":""}}},"recommended_plugins":[],"mandatory_plugins":{"elementor":"Elementor Page Builder","themeisle-companion":"Orbit Fox by ThemeIsle"},"default_off_recommended_plugins":[],"front_page":{"front_page":"neve-rokophoto-home","blog_page":"neve-rokophoto-blog"},"shop_pages":null}