{"content_file":"https:\/\/demo.themeisle.com\/neve-bb-restaurant\/wp-content\/uploads\/sites\/246\/ti-demo-data\/export.xml","theme_mods":{"zelle_frontpage_was_imported":"not-zerif","ti_prev_theme":"twentysixteen","custom_css_post_id":10,"neve_navigation_layout":"left","neve_last_menu_item":"[]","neve_text_color":"#1f2025","neve_menu_item_color":"#404248","neve_headings_font_family":"Source Serif Pro","neve_body_font_family":"Source Serif Pro","neve_body_font_size":"{\"suffix\":{\"mobile\":\"px\",\"tablet\":\"px\",\"desktop\":\"px\"},\"mobile\":14,\"tablet\":14,\"desktop\":16}","neve_h1_font_size":"{\"suffix\":{\"mobile\":\"px\",\"tablet\":\"px\",\"desktop\":\"px\"},\"mobile\":32,\"tablet\":50,\"desktop\":65}","neve_menu_item_hover_color":"#c59d5f","neve_footer_text":"<p><a href=\"https:\/\/themeisle.com\/themes\/neve\/\" rel=\"nofollow\">Neve<\/a> | Powered by <a href=\"http:\/\/wordpress.org\" rel=\"nofollow\">WordPress<\/a><\/p>","primary-menu_active_color":"#f36b6b","primary-menu_hover_color":"#f36b6b","ti_about_recommended_plugins":{"otter-blocks":"visible"},"neve_generated_style_version":1560352637,"neve_default_sidebar_layout":"full-width","neve_sitewide_content_width":100,"neve_advanced_layout_options":false,"neve_link_color":"#db4c3f","neve_link_hover_color":"#e5b460","neve_button_hover_color":"#e5b460","neve_button_color":"#db4c3f","neve_button_padding":{"desktop":{"top":"20","right":"40","bottom":"20","left":"40"},"tablet":{"top":"","right":"","bottom":"","left":""},"mobile":{"top":"","right":"","bottom":"","left":""},"desktop-unit":"px","tablet-unit":"px","mobile-unit":"px"},"neve_button_border_radius":0,"neve_container_width":"{\"mobile\":748,\"tablet\":992,\"desktop\":1140}","neve_default_container_style":"full-width","neve_headings_font_weight":"600","neve_h1_line_height":"{\"mobile\":1,\"tablet\":1,\"desktop\":1}","neve_h2_font_size":"{\"suffix\":{\"mobile\":\"px\",\"tablet\":\"px\",\"desktop\":\"px\"},\"mobile\":30,\"tablet\":30,\"desktop\":35}","neve_h2_line_height":"{\"mobile\":1,\"tablet\":1,\"desktop\":1.6}","neve_h3_font_size":"{\"suffix\":{\"mobile\":\"px\",\"tablet\":\"px\",\"desktop\":\"px\"},\"mobile\":20,\"tablet\":24,\"desktop\":30}","neve_h3_line_height":"{\"mobile\":1,\"tablet\":1,\"desktop\":1.6}","neve_h5_font_size":"{\"suffix\":{\"mobile\":\"em\",\"tablet\":\"em\",\"desktop\":\"em\"},\"mobile\":0.75,\"tablet\":0.75,\"desktop\":1}","neve_h4_font_size":"{\"suffix\":{\"mobile\":\"px\",\"tablet\":\"px\",\"desktop\":\"px\"},\"mobile\":20,\"tablet\":20,\"desktop\":20}","neve_h4_line_height":"{\"mobile\":1.6,\"tablet\":1.6,\"desktop\":1.6}","hfg_footer_layout":"{\"desktop\":{\"top\":[{\"x\":4,\"y\":1,\"width\":4,\"height\":1,\"id\":\"footer-two-widgets\"},{\"x\":0,\"y\":1,\"width\":4,\"height\":1,\"id\":\"footer-one-widgets\"},{\"x\":8,\"y\":1,\"width\":4,\"height\":1,\"id\":\"footer-three-widgets\"}],\"bottom\":[{\"x\":0,\"y\":1,\"width\":12,\"height\":1,\"id\":\"footer_copyright\"}]}}","hfg_footer_layout_top_color":"#131312","hfg_footer_layout_top_skin":"dark-mode","hfg_footer_layout_top_height":"{\"mobile\":0,\"tablet\":0,\"desktop\":350}","hfg_footer_layout_top_layout":"layout-full-contained","footer-one-widgets_component_align":"left","neve_body_font_weight":"400","neve_headings_text_transform":"none","footer-one-widgets_component_margin":{"desktop":{"top":"10","right":"20","bottom":"10","left":"0"},"tablet":{"top":"","right":"","bottom":"","left":""},"mobile":{"top":"","right":"","bottom":"","left":""},"desktop-unit":"px","tablet-unit":"px","mobile-unit":"px"},"footer-two-widgets_component_margin":{"desktop":{"top":"10","right":"10","bottom":"10","left":"10"},"tablet":{"top":"","right":"","bottom":"","left":""},"mobile":{"top":"","right":"","bottom":"","left":""},"desktop-unit":"px","tablet-unit":"px","mobile-unit":"px"},"footer-three-widgets_component_margin":{"desktop":{"top":"10","right":"10","bottom":"10","left":"10"},"tablet":{"top":"","right":"","bottom":"","left":""},"mobile":{"top":"","right":"","bottom":"","left":""},"desktop-unit":"px","tablet-unit":"px","mobile-unit":"px"},"footer-one-widgets_component_padding":{"desktop":{"top":"0","right":"","bottom":"","left":""},"tablet":{"top":"50","right":"","bottom":"","left":""},"mobile":{"top":"50","right":"","bottom":"","left":""},"desktop-unit":"px","tablet-unit":"px","mobile-unit":"px"},"footer-three-widgets_component_padding":{"desktop":{"top":"","right":"","bottom":"","left":""},"tablet":{"top":"","right":"","bottom":"50","left":""},"mobile":{"top":"","right":"","bottom":"50","left":""},"desktop-unit":"px","tablet-unit":"px","mobile-unit":"px"},"__ti_import_menus_location":{"primary":"main"}},"wp_options":{"obfx_data":{"core_settings":[],"module_status":{"social-sharing":{"showed_notices":[]},"gutenberg-blocks":{"showed_notices":[],"active":false},"uptime-monitor":{"showed_notices":[]},"google-analytics":{"showed_notices":[]},"elementor-widgets":{"showed_notices":[]},"template-directory":{"showed_notices":[],"active":false},"menu-icons":{"showed_notices":[],"active":false},"mystock-import":{"showed_notices":[],"active":false},"policy-notice":{"showed_notices":[]},"safe-updates":{"showed_notices":[]},"beaver-widgets":{"showed_notices":[]}},"module_settings":{"safe-updates":{"auto_update_checks":"0"}}}},"widgets":{"blog-sidebar":{"search-2":{"title":""},"recent-posts-2":{"title":"","number":5},"recent-comments-2":{"title":"","number":5},"archives-2":{"title":"","count":0,"dropdown":0},"categories-2":{"title":"","count":0,"hierarchical":0,"dropdown":0},"meta-2":{"title":""}},"footer-one-widgets":{"text-3":{"title":"About us","text":"<p style=\"font-size:20px\">Are you tired of your project feed looking like a small screenshot of a bunch of screenshots? Follow these simple steps and you can make your project thumbnails look great!<\/p>","filter":true,"visual":true}},"footer-two-widgets":{"text-4":{"title":"Page Menu","text":"<p class=\"borderstyl\">WordPressNews <\/p>\r\n<p class=\"borderstyl\">Startups and tech<\/p>\r\n<p class=\"borderstyl\">People and leaders<\/p>\r\n<p style=\"font-size:20px\">Events<\/span><\/p>","filter":true,"visual":true}},"footer-three-widgets":{"text-5":{"title":"Social follow","text":"<p class=\"borderstyl\">Facebook<\/p>\r\n<p class=\"borderstyl\">Twitter<\/p>\r\n<p class=\"borderstyl\">Instagram<\/p>\r\n<p style=\"font-size:20px\">Youtube<\/p>","filter":true,"visual":true}}},"recommended_plugins":[],"mandatory_plugins":{"themeisle-companion":"Orbit Fox by ThemeIsle","beaver-builder-lite-version":"WordPress Page Builder &#8211; Beaver Builder","wpzoom-addons-for-beaver-builder":"Beaver Builder Addons by WPZOOM"},"default_off_recommended_plugins":[],"front_page":{"front_page":"neve-bb-restaurant-homepage","blog_page":"neve-bb-restaurant-blog"},"shop_pages":null}