{"content_file":"https:\/\/demo.themeisle.com\/neve-vet-center-brizy\/wp-content\/uploads\/sites\/201\/ti-demo-data\/export.xml","theme_mods":{"ti_about_recommended_plugins":{"otter-blocks":"visible"},"neve_last_menu_item":"[]","ti_prev_theme":"twentyseventeen","custom_css_post_id":"156","neve_theme_color":"#7c5e92","neve_link_color":"#0366d6","neve_link_hover_color":"#0366d6","neve_text_color":"#2d2d2d","neve_top_bar_enable":true,"neve_top_bar_layout":"menu-content","neve_top_bar_content":"<a href=\"tel:+40722555888\"><i class=\"fa fa-phone\" style=\"margin-right: 3px\"><\/i>0722555888<\/a>","neve_footer_content_type":"text","neve_blog_archive_layout":"default","neve_blog_archive_container_style":"contained","neve_default_sidebar_layout":"full-width","neve_blog_archive_sidebar_layout":"full-width","neve_single_post_sidebar_layout":"full-width","neve_body_font_family":"Rubik","neve_body_font_size":"{\"suffix\":{\"mobile\":\"px\",\"tablet\":\"px\",\"desktop\":\"px\"},\"mobile\":15,\"tablet\":16,\"desktop\":16}","neve_footer_text":"<p><a href=\"https:\/\/themeisle.com\/themes\/neve\/\" rel=\"nofollow\">Neve Vet Center<\/a> | Powered by <a href=\"http:\/\/wordpress.org\" rel=\"nofollow\">WordPress<\/a><\/p>","neve_menu_item_hover_color":"#81c042","neve_button_color":"#53ba7b","neve_menu_item_color":"#2e393f","neve_body_text_transform":"none","neve_headings_font_family":"Rubik","primary-menu_color":"#0366d6","secondary-menu_style":"style-plain","secondary-menu_color":"#ffffff","secondary-menu_hover_color":"#53ba7b","hfg_header_layout":"{\"desktop\":{\"top\":[{\"x\":6,\"y\":1,\"width\":6,\"height\":1,\"id\":\"custom_html\"}],\"main\":[{\"x\":0,\"y\":1,\"width\":4,\"height\":1,\"id\":\"logo\"},{\"x\":4,\"y\":1,\"width\":8,\"height\":1,\"id\":\"primary-menu\"}],\"bottom\":[]},\"mobile\":{\"top\":[],\"main\":[{\"x\":0,\"y\":1,\"width\":8,\"height\":1,\"id\":\"logo\"},{\"x\":8,\"y\":1,\"width\":4,\"height\":1,\"id\":\"nav-icon\"}],\"bottom\":[],\"sidebar\":[{\"x\":0,\"y\":1,\"width\":8,\"height\":1,\"id\":\"primary-menu\"}]}}","footer_copyright_content":"<p><a href=\"https:\/\/themeisle.com\/themes\/neve\/\" rel=\"nofollow\">Neve<\/a> | Powered by <a href=\"http:\/\/wordpress.org\" rel=\"nofollow\">WordPress<\/a><\/p>","hfg_footer_layout":"{\"desktop\":{\"top\":[],\"bottom\":[{\"x\":0,\"y\":1,\"width\":12,\"height\":1,\"id\":\"footer_copyright\"}]}}","custom_html_content":"<i class=\"fa fa-phone\" style=\"margin-right: 3px\"><\/i> We are here for you <a href=\"tel:+4072000000\">072.0000.000<\/a>","hfg_header_layout_top_skin":"dark-mode","ti_content_imported":"yes","neve_generated_style_version":1560952712,"__ti_import_menus_location":{"top-bar":"very-top-bar","primary":"primary-menu"}},"wp_options":[],"widgets":{"blog-sidebar":{"search-2":{"title":""},"recent-posts-2":{"title":"","number":5},"recent-comments-2":{"title":"","number":5},"archives-2":{"title":"","count":0,"dropdown":0},"categories-2":{"title":"","count":0,"hierarchical":0,"dropdown":0},"meta-2":{"title":""},"recent-posts-3":{"title":"","number":"5"},"recent-comments-3":{"title":"","number":"5"},"archives-3":{"title":"","count":"0","dropdown":"0"},"categories-3":{"title":"","count":"0","hierarchical":"0","dropdown":"0"}}},"recommended_plugins":{"themeisle-companion":"Orbit Fox by ThemeIsle"},"mandatory_plugins":{"brizy":"Brizy &#8211; Page Builder"},"default_off_recommended_plugins":null,"front_page":{"front_page":"homepage-neve-vet-center-brizy","blog_page":null},"shop_pages":null}