{
  "content_file": "https://demo.themeisle.com/neve-vacation-rental/wp-content/uploads/sites/210/ti-demo-data/export.xml",
  "theme_mods": {
    "ti_about_recommended_plugins": {
      "otter-blocks": "visible"
    },
    "neve_last_menu_item": "[]",
    "ti_prev_theme": "twentyseventeen",
    "custom_css_post_id": -1,
    "neve_post_excerpt_length": 80,
    "neve_body_font_family": "Source Serif Pro",
    "neve_body_font_size": "{\"suffix\":{\"mobile\":\"px\",\"tablet\":\"px\",\"desktop\":\"px\"},\"mobile\":15,\"tablet\":16,\"desktop\":17}",
    "neve_headings_font_family": "Source Serif Pro",
    "neve_h1_font_size": "{\"suffix\":{\"mobile\":\"em\",\"tablet\":\"em\",\"desktop\":\"px\"},\"mobile\":1.5,\"tablet\":1.5,\"desktop\":65}",
    "neve_h2_font_size": "{\"suffix\":{\"mobile\":\"em\",\"tablet\":\"em\",\"desktop\":\"px\"},\"mobile\":1.3,\"tablet\":1.3,\"desktop\":45}",
    "neve_h3_font_size": "{\"suffix\":{\"mobile\":\"em\",\"tablet\":\"em\",\"desktop\":\"px\"},\"mobile\":1.1,\"tablet\":1.1,\"desktop\":25}",
    "neve_h4_font_size": "{\"suffix\":{\"mobile\":\"em\",\"tablet\":\"em\",\"desktop\":\"px\"},\"mobile\":1,\"tablet\":1,\"desktop\":20}",
    "neve_h5_font_size": "{\"suffix\":{\"mobile\":\"em\",\"tablet\":\"em\",\"desktop\":\"px\"},\"mobile\":0.75,\"tablet\":0.75,\"desktop\":18}",
    "neve_h6_font_size": "{\"suffix\":{\"mobile\":\"em\",\"tablet\":\"em\",\"desktop\":\"px\"},\"mobile\":0.75,\"tablet\":0.75,\"desktop\":16}",
    "logo_show_tagline": 0,
    "logo_show_title": 1,
    "primary-menu_style": "style-border-bottom",
    "custom_logo": 207,
    "logo_max_width": "{\"mobile\":120,\"tablet\":120,\"desktop\":175}",
    "neve_generated_style_version": 1564482151,
    "neve_default_sidebar_layout": "full-width",
    "neve_sitewide_content_width": 75,
    "__ti_import_menus_location": {
      "primary": "main-menu"
    }
  },
  "wp_options": {
    "obfx_data": {
      "core_settings": [],
      "module_status": {
        "social-sharing": {
          "showed_notices": []
        },
        "gutenberg-blocks": {
          "showed_notices": [],
          "active": false
        },
        "uptime-monitor": {
          "showed_notices": []
        },
        "google-analytics": {
          "showed_notices": []
        },
        "elementor-widgets": {
          "showed_notices": [],
          "active": true
        },
        "template-directory": {
          "showed_notices": [],
          "active": false
        },
        "menu-icons": {
          "showed_notices": [],
          "active": false
        },
        "mystock-import": {
          "showed_notices": [],
          "active": false
        },
        "policy-notice": {
          "showed_notices": []
        },
        "safe-updates": {
          "showed_notices": []
        }
      },
      "module_settings": {
        "safe-updates": {
          "auto_update_checks": "0"
        }
      }
    },
    "elementor_disable_color_schemes": "yes",
    "elementor_disable_typography_schemes": "yes",
    "elementor_load_fa4_shim": ""
  },
  "widgets": {
    "blog-sidebar": {
      "search-2": {
        "title": ""
      },
      "recent-posts-2": {
        "title": "",
        "number": 5
      },
      "recent-comments-2": {
        "title": "",
        "number": 5
      },
      "archives-2": {
        "title": "",
        "count": 0,
        "dropdown": 0
      },
      "categories-2": {
        "title": "",
        "count": 0,
        "hierarchical": 0,
        "dropdown": 0
      },
      "meta-2": {
        "title": ""
      }
    }
  },
  "recommended_plugins": [],
  "mandatory_plugins": {
    "themeisle-companion": "Orbit Fox by ThemeIsle",
    "elementor": "Elementor Page Builder"
  },
  "default_off_recommended_plugins": [],
  "front_page": {
    "front_page": "neve-vacation-rental-homepage",
    "blog_page": "neve-vacation-rental-news"
  },
  "shop_pages": null
}
