{"content_file":"https:\/\/demo.themeisle.com\/neve-restaurant-brizy\/wp-content\/uploads\/sites\/198\/ti-demo-data\/export.xml","theme_mods":{"ti_about_recommended_plugins":{"otter-blocks":"visible"},"neve_last_menu_item":"[]","ti_prev_theme":"twentysixteen","custom_css_post_id":"10","zelle_frontpage_was_imported":"not-zerif","neve_navigation_layout":"left","neve_text_color":"#404248","neve_menu_item_color":"#404248","neve_headings_font_family":"Source Sans Pro","neve_body_font_family":"Source Sans Pro","neve_body_font_size":"{\"suffix\":{\"mobile\":\"px\",\"tablet\":\"px\",\"desktop\":\"px\"},\"mobile\":14,\"tablet\":14,\"desktop\":16}","neve_h1_font_size":"{\"suffix\":{\"mobile\":\"em\",\"tablet\":\"em\",\"desktop\":\"em\"},\"mobile\":1.5,\"tablet\":1.5,\"desktop\":2}","neve_menu_item_hover_color":"#c59d5f","neve_footer_text":"<p><a href=\"https:\/\/themeisle.com\/themes\/neve\/\" rel=\"nofollow\">Neve<\/a> | Powered by <a href=\"http:\/\/wordpress.org\" rel=\"nofollow\">WordPress<\/a><\/p>","primary-menu_active_color":"#f36b6b","primary-menu_hover_color":"#f36b6b","ti_content_imported":"yes","neve_generated_style_version":1561471312,"__ti_import_menus_location":{"primary":"main"}},"wp_options":[],"widgets":{"blog-sidebar":{"search-2":{"title":""},"recent-posts-2":{"title":"","number":5},"recent-comments-2":{"title":"","number":5},"archives-2":{"title":"","count":0,"dropdown":0},"categories-2":{"title":"","count":0,"hierarchical":0,"dropdown":0},"meta-2":{"title":""},"recent-posts-3":{"title":"","number":"5"},"recent-comments-3":{"title":"","number":"5"},"archives-3":{"title":"","count":"0","dropdown":"0"},"categories-3":{"title":"","count":"0","hierarchical":"0","dropdown":"0"}}},"recommended_plugins":{"themeisle-companion":"Orbit Fox by ThemeIsle"},"mandatory_plugins":{"brizy":"Brizy &#8211; Page Builder"},"default_off_recommended_plugins":null,"front_page":{"front_page":"home-neve-restaurant-brizy","blog_page":"neve-restaurant-brizy-blog"},"shop_pages":null}