{"content_file":"https:\/\/demo.themeisle.com\/neve-zelle-brizy\/wp-content\/uploads\/sites\/203\/ti-demo-data\/export.xml","theme_mods":{"ti_about_recommended_plugins":{"otter-blocks":"visible"},"neve_last_menu_item":"[\"search\"]","ti_prev_theme":"zerif-pro","zelle_frontpage_was_imported":"yes","ti_content_imported":"yes","custom_css_post_id":-1,"neve_link_color":"#808080","neve_menu_item_hover_color":"#313131","neve_menu_item_color":"#313131","neve_link_hover_color":"#e96656","neve_button_color":"#e96656","neve_blog_archive_layout":"alternative","neve_footer_text":"<p><a href=\"https:\/\/themeisle.com\/themes\/neve\/\" rel=\"nofollow\">Neve<\/a> | Powered by <a href=\"http:\/\/wordpress.org\" rel=\"nofollow\">WordPress<\/a><\/p>","primary-menu_active_color":"#404248","primary-menu_hover_color":"#e96656","neve_layout_single_post_elements_order":"[\"title-meta\",\"content\",\"tags\",\"comments\"]","neve_generated_style_version":1562858010,"__ti_import_menus_location":{"primary":"neve-zelle-primary-menu"}},"wp_options":[],"widgets":{"blog-sidebar":{"search-2":{"title":""},"recent-posts-2":{"title":"","number":5},"archives-2":{"title":"","count":0,"dropdown":0},"categories-2":{"title":"","count":0,"hierarchical":0,"dropdown":0},"meta-2":{"title":""},"recent-posts-3":{"title":"","number":"5"},"archives-3":{"title":"","count":"0","dropdown":"0"},"categories-3":{"title":"","count":"0","hierarchical":"0","dropdown":"0"}}},"recommended_plugins":{"themeisle-companion":"Orbit Fox by ThemeIsle"},"mandatory_plugins":{"brizy":"Brizy &#8211; Page Builder"},"default_off_recommended_plugins":null,"front_page":{"front_page":"zelle-neve-zelle-brizy","blog_page":"blog-neve-zelle-brizy"},"shop_pages":null}