{"content_file":"https:\/\/demo.themeisle.com\/neve-onboarding-brizy\/wp-content\/uploads\/sites\/194\/ti-demo-data\/export.xml","theme_mods":{"ti_prev_theme":"twentyseventeen","custom_css_post_id":-1,"neve_last_menu_item":"search-cart","ti_about_recommended_plugins":{"otter-blocks":"visible"},"neve_body_font_family":"","neve_body_font_size":"{\"suffix\":{\"mobile\":\"px\",\"tablet\":\"px\",\"desktop\":\"px\"},\"mobile\":16,\"tablet\":16,\"desktop\":15}","neve_navigation_layout":"left","neve_theme_color":"#00a4f7","neve_link_color":"#0366d6","neve_link_hover_color":"#005bf7","neve_top_bar_enable":"","neve_top_bar_layout":"menu-content","neve_default_sidebar_layout":"full-width","neve_blog_archive_sidebar_layout":"full-width","neve_single_post_sidebar_layout":"full-width","neve_footer_content_type":"text","neve_headings_font_family":"","neve_blog_archive_layout":"alternative","neve_sitewide_content_width":"75","neve_post_excerpt_length":"70","neve_advanced_layout_options":"1","neve_blog_archive_content_width":"75","neve_pagination_type":"number","neve_shop_archive_sidebar_layout":"left","neve_single_product_sidebar_layout":"full-width","neve_other_pages_sidebar_layout":"full-width","neve_footer_text":"<p>Original | Powered by <a href=\"http:\/\/wordpress.org\" rel=\"nofollow\">WordPress<\/a><\/p>","neve_single_product_content_width":"100","ti_content_imported":"yes","neve_generated_style_version":1560950452,"__ti_import_menus_location":{"primary":"main-menu"}},"wp_options":[],"widgets":{"blog-sidebar":{"search-2":{"title":""},"recent-posts-2":{"title":"","number":5},"recent-comments-2":{"title":"","number":5},"archives-2":{"title":"","count":0,"dropdown":0},"categories-2":{"title":"","count":0,"hierarchical":0,"dropdown":0},"meta-2":{"title":""},"recent-posts-3":{"title":"","number":"5"},"recent-comments-3":{"title":"","number":"5"},"archives-3":{"title":"","count":"0","dropdown":"0"},"categories-3":{"title":"","count":"0","hierarchical":"0","dropdown":"0"}}},"recommended_plugins":{"themeisle-companion":"Orbit Fox by ThemeIsle"},"mandatory_plugins":{"brizy":"Brizy &#8211; Page Builder"},"default_off_recommended_plugins":null,"front_page":{"front_page":"home","blog_page":"neve-blog"},"shop_pages":null}