{"content_file":"https:\/\/demo.themeisle.com\/neve-fashion-brizy\/wp-content\/uploads\/sites\/212\/ti-demo-data\/export.xml","theme_mods":{"ti_about_recommended_plugins":{"otter-blocks":"visible"},"neve_last_menu_item":"[]","ti_prev_theme":"twentyseventeen","custom_css_post_id":-1,"neve_body_font_family":"Source Serif Pro","neve_body_font_weight":"500","neve_body_font_size":"{\"suffix\":{\"mobile\":\"px\",\"tablet\":\"px\",\"desktop\":\"px\"},\"mobile\":15,\"tablet\":16,\"desktop\":18}","neve_headings_font_family":"Source Serif Pro","neve_h1_font_size":"{\"suffix\":{\"mobile\":\"em\",\"tablet\":\"em\",\"desktop\":\"px\"},\"mobile\":1.5,\"tablet\":1.5,\"desktop\":55}","neve_h2_font_size":"{\"suffix\":{\"mobile\":\"em\",\"tablet\":\"em\",\"desktop\":\"px\"},\"mobile\":1.3,\"tablet\":1.3,\"desktop\":35}","neve_h3_font_size":"{\"suffix\":{\"mobile\":\"em\",\"tablet\":\"em\",\"desktop\":\"px\"},\"mobile\":1.1,\"tablet\":1.1,\"desktop\":28}","neve_h4_font_size":"{\"suffix\":{\"mobile\":\"em\",\"tablet\":\"em\",\"desktop\":\"px\"},\"mobile\":1,\"tablet\":1,\"desktop\":24}","neve_h5_font_size":"{\"suffix\":{\"mobile\":\"em\",\"tablet\":\"em\",\"desktop\":\"px\"},\"mobile\":0.75,\"tablet\":0.75,\"desktop\":20}","neve_h6_font_size":"{\"suffix\":{\"mobile\":\"em\",\"tablet\":\"em\",\"desktop\":\"px\"},\"mobile\":0.75,\"tablet\":0.75,\"desktop\":16}","neve_headings_font_weight":"900","logo_show_tagline":0,"hfg_header_layout":"{\"desktop\":{\"top\":[],\"main\":[{\"x\":0,\"y\":1,\"width\":4,\"height\":1,\"id\":\"logo\"},{\"x\":4,\"y\":1,\"width\":8,\"height\":1,\"id\":\"primary-menu\"}],\"bottom\":[]},\"mobile\":{\"top\":[],\"main\":[{\"x\":0,\"y\":1,\"width\":8,\"height\":1,\"id\":\"logo\"},{\"x\":8,\"y\":1,\"width\":4,\"height\":1,\"id\":\"nav-icon\"}],\"bottom\":[],\"sidebar\":[{\"x\":0,\"y\":1,\"width\":8,\"height\":1,\"id\":\"primary-menu\"}]}}","neve_headings_line_height":"{\"mobile\":1.6,\"tablet\":1.6,\"desktop\":1.5}","neve_link_color":"#ec5e51","neve_link_hover_color":"#ed6c61","primary-menu_active_color":"#ec5e51","primary-menu_hover_color":"#ec5e51","neve_generated_style_version":1564493891,"__ti_import_menus_location":{"primary":"main-menu"}},"wp_options":{"obfx_data":{"core_settings":[],"module_status":{"social-sharing":{"showed_notices":[]},"gutenberg-blocks":{"showed_notices":[],"active":false},"uptime-monitor":{"showed_notices":[]},"google-analytics":{"showed_notices":[]},"template-directory":{"showed_notices":[],"active":false},"menu-icons":{"showed_notices":[],"active":false},"mystock-import":{"showed_notices":[],"active":false},"policy-notice":{"showed_notices":[]},"safe-updates":{"showed_notices":[]}},"module_settings":{"safe-updates":{"auto_update_checks":"0"}}}},"widgets":{"blog-sidebar":{"search-2":{"title":""},"recent-posts-2":{"title":"","number":5},"recent-comments-2":{"title":"","number":5},"archives-2":{"title":"","count":0,"dropdown":0},"categories-2":{"title":"","count":0,"hierarchical":0,"dropdown":0},"meta-2":{"title":""}}},"recommended_plugins":[],"mandatory_plugins":{"brizy":"Brizy &#8211; Page Builder"},"default_off_recommended_plugins":[],"front_page":{"front_page":"neve-fashion-brizy-homepage","blog_page":"neve-fashion-brizy-blog"},"shop_pages":null}