{"content_file":"https:\/\/demo.themeisle.com\/neve-charity-bb\/wp-content\/uploads\/sites\/244\/ti-demo-data\/export.xml","theme_mods":{"ti_about_recommended_plugins":{"otter-blocks":"visible"},"neve_last_menu_item":"[]","ti_prev_theme":"twentyseventeen","custom_css_post_id":17,"custom_logo":19,"neve_layout_single_post_elements_order":"[\"title-meta\",\"thumbnail\",\"content\",\"tags\"]","neve_default_sidebar_layout":"full-width","neve_headings_font_family":"Montserrat","neve_headings_font_weight":"900","neve_h1_font_size":"{\"suffix\":{\"mobile\":\"em\",\"tablet\":\"em\",\"desktop\":\"px\"},\"mobile\":1.5,\"tablet\":1.5,\"desktop\":75}","neve_h2_font_size":"{\"suffix\":{\"mobile\":\"em\",\"tablet\":\"em\",\"desktop\":\"px\"},\"mobile\":1.3,\"tablet\":1.3,\"desktop\":45}","neve_h3_font_size":"{\"suffix\":{\"mobile\":\"em\",\"tablet\":\"em\",\"desktop\":\"px\"},\"mobile\":1.1,\"tablet\":1.1,\"desktop\":22}","neve_h4_font_size":"{\"suffix\":{\"mobile\":\"em\",\"tablet\":\"em\",\"desktop\":\"px\"},\"mobile\":1,\"tablet\":1,\"desktop\":22}","neve_body_font_family":"Montserrat","neve_h5_font_size":"{\"suffix\":{\"mobile\":\"em\",\"tablet\":\"em\",\"desktop\":\"px\"},\"mobile\":0.75,\"tablet\":0.75,\"desktop\":14}","neve_body_font_size":"{\"suffix\":{\"mobile\":\"px\",\"tablet\":\"px\",\"desktop\":\"px\"},\"mobile\":15,\"tablet\":16,\"desktop\":16}","hfg_header_layout":"{\"desktop\":{\"top\":[],\"main\":[{\"x\":0,\"y\":1,\"width\":4,\"height\":1,\"id\":\"logo\"},{\"x\":4,\"y\":1,\"width\":8,\"height\":1,\"id\":\"primary-menu\"}],\"bottom\":[]},\"mobile\":{\"top\":[],\"main\":[{\"x\":0,\"y\":1,\"width\":8,\"height\":1,\"id\":\"logo\"},{\"x\":8,\"y\":1,\"width\":4,\"height\":1,\"id\":\"nav-icon\"}],\"bottom\":[],\"sidebar\":[{\"x\":0,\"y\":1,\"width\":8,\"height\":1,\"id\":\"primary-menu\"}]}}","neve_body_font_weight":"400","primary-menu_active_color":"#000000","primary-menu_hover_color":"#00a2dd","neve_blog_archive_layout":"alternative","__ti_import_menus_location":{"primary":"primary-menu-links"}},"wp_options":{"obfx_data":{"core_settings":[],"module_status":{"social-sharing":{"showed_notices":[]},"gutenberg-blocks":{"showed_notices":[],"active":false},"uptime-monitor":{"showed_notices":[]},"google-analytics":{"showed_notices":[]},"template-directory":{"showed_notices":[],"active":false},"menu-icons":{"showed_notices":[],"active":false},"mystock-import":{"showed_notices":[],"active":false},"policy-notice":{"showed_notices":[]},"beaver-widgets":{"showed_notices":[]},"safe-updates":{"showed_notices":[]}},"module_settings":{"safe-updates":{"auto_update_checks":"0"}}}},"widgets":{"blog-sidebar":{"search-2":{"title":""},"recent-posts-2":{"title":"","number":5},"recent-comments-2":{"title":"","number":5},"archives-2":{"title":"","count":0,"dropdown":0},"categories-2":{"title":"","count":0,"hierarchical":0,"dropdown":0},"meta-2":{"title":""}}},"recommended_plugins":[],"mandatory_plugins":{"themeisle-companion":"Orbit Fox by ThemeIsle","beaver-builder-lite-version":"WordPress Page Builder &#8211; Beaver Builder","wpzoom-addons-for-beaver-builder":"Beaver Builder Addons by WPZOOM"},"default_off_recommended_plugins":[],"front_page":{"front_page":"neve-charity-bb-home-page-2","blog_page":"neve-charity-bb-blog"},"shop_pages":null}