{"content_file":"https:\/\/demo.themeisle.com\/neve-vet-center-bb\/wp-content\/uploads\/sites\/242\/ti-demo-data\/export.xml","theme_mods":{"ti_about_recommended_plugins":{"otter-blocks":"visible"},"neve_last_menu_item":"[]","ti_prev_theme":"twentyseventeen","custom_css_post_id":32,"neve_body_font_family":"default","neve_body_font_weight":"400","neve_body_font_size":"{\"suffix\":{\"mobile\":\"px\",\"tablet\":\"px\",\"desktop\":\"px\"},\"mobile\":15,\"tablet\":16,\"desktop\":16}","hfg_header_layout":"{\"desktop\":{\"top\":[{\"x\":5,\"y\":1,\"width\":2,\"height\":1,\"id\":\"custom_html\"}],\"main\":[{\"x\":0,\"y\":1,\"width\":4,\"height\":1,\"id\":\"logo\"},{\"x\":4,\"y\":1,\"width\":8,\"height\":1,\"id\":\"primary-menu\"}],\"bottom\":[]},\"mobile\":{\"top\":[],\"main\":[{\"x\":0,\"y\":1,\"width\":8,\"height\":1,\"id\":\"logo\"},{\"x\":8,\"y\":1,\"width\":4,\"height\":1,\"id\":\"nav-icon\"}],\"bottom\":[],\"sidebar\":[{\"x\":0,\"y\":1,\"width\":8,\"height\":1,\"id\":\"primary-menu\"}]}}","hfg_footer_layout":"{\"desktop\":{\"top\":[{\"x\":0,\"y\":1,\"width\":4,\"height\":1,\"id\":\"footer-one-widgets\"},{\"x\":4,\"y\":1,\"width\":4,\"height\":1,\"id\":\"footer-two-widgets\"},{\"x\":8,\"y\":1,\"width\":4,\"height\":1,\"id\":\"footer-three-widgets\"}],\"bottom\":[{\"x\":0,\"y\":1,\"width\":12,\"height\":1,\"id\":\"footer_copyright\"}]}}","neve_headings_font_family":"default","neve_headings_font_weight":"700","neve_headings_line_height":"{\"mobile\":1.6,\"tablet\":1.6,\"desktop\":1}","primary-menu_style":"style-plain","primary-menu_color":"#0366d6","logo_show_tagline":1,"logo_show_title":1,"primary-menu_hover_color":"#0366d6","secondary-menu_style":"style-plain","secondary-menu_component_align":"right","footer-one-widgets_component_align":"left","hfg_footer_layout_top_color":"#014391","hfg_footer_layout_top_skin":"dark-mode","footer-one-widgets_component_padding":{"desktop":{"top":"","right":"","bottom":"","left":""},"tablet":{"top":"","right":"","bottom":"","left":""},"mobile":{"top":"","right":"","bottom":"","left":""},"desktop-unit":"px","tablet-unit":"px","mobile-unit":"px"},"footer-one-widgets_component_margin":{"desktop":{"top":"50","right":"","bottom":"100","left":""},"tablet":{"top":"","right":"","bottom":"","left":""},"mobile":{"top":"","right":"","bottom":"","left":""},"desktop-unit":"px","tablet-unit":"px","mobile-unit":"px"},"footer-three-widgets_component_margin":{"desktop":{"top":"50","right":"","bottom":"100","left":""},"tablet":{"top":"","right":"","bottom":"","left":""},"mobile":{"top":"","right":"","bottom":"","left":""},"desktop-unit":"px","tablet-unit":"px","mobile-unit":"px"},"footer-two-widgets_component_margin":{"desktop":{"top":"50","right":"","bottom":"100","left":""},"tablet":{"top":"","right":"","bottom":"","left":""},"mobile":{"top":"","right":"","bottom":"","left":""},"desktop-unit":"px","tablet-unit":"px","mobile-unit":"px"},"hfg_header_layout_top_height":"{\"mobile\":0,\"tablet\":0,\"desktop\":40}","hfg_header_layout_top_color":"#24292e","hfg_header_layout_top_skin":"dark-mode","secondary-menu_color":"#ffffff","secondary-menu_hover_color":"#ffffff","custom_html_content":"<div class=\"header-top\">\n<i class=\"fas fa-phone\"><\/i>We are here for you <a href=\"\">072.0000.000<\/a>\n<\/div>","custom_html_component_align":"right","footer-two-widgets_component_align":"left","neve_h1_font_size":"{\"suffix\":{\"mobile\":\"em\",\"tablet\":\"em\",\"desktop\":\"px\"},\"mobile\":1.5,\"tablet\":1.5,\"desktop\":55}","neve_h2_font_size":"{\"suffix\":{\"mobile\":\"em\",\"tablet\":\"em\",\"desktop\":\"px\"},\"mobile\":1.3,\"tablet\":1.3,\"desktop\":35}","__ti_import_menus_location":{"primary":"primary-menu","top-bar":"secondary-menu"}},"wp_options":{"obfx_data":{"core_settings":[],"module_status":{"social-sharing":{"showed_notices":[]},"gutenberg-blocks":{"showed_notices":[],"active":false},"uptime-monitor":{"showed_notices":[]},"google-analytics":{"showed_notices":[]},"template-directory":{"showed_notices":[],"active":false},"menu-icons":{"showed_notices":[],"active":false},"mystock-import":{"showed_notices":[],"active":false},"policy-notice":{"showed_notices":[]},"beaver-widgets":{"showed_notices":[]},"safe-updates":{"showed_notices":[]}},"module_settings":{"safe-updates":{"auto_update_checks":"0"}}}},"widgets":{"blog-sidebar":{"search-2":{"title":""},"recent-posts-2":{"title":"","number":5},"recent-comments-2":{"title":"","number":5},"archives-2":{"title":"","count":0,"dropdown":0},"categories-2":{"title":"","count":0,"hierarchical":0,"dropdown":0},"meta-2":{"title":""}},"footer-one-widgets":{"text-3":{"title":"ABOUT US","text":"At our Pet Clinic, you will find physicians, assistants and compassionate staff enthusiastic and committed to our common goal: to provide a top quality veterinary service","filter":true,"visual":true}},"footer-two-widgets":{"text-4":{"title":"PAGE MENU","text":"<ul>\r\n \t<li><a href=\"https:\/\/demo.themeisle.com\/neve-vet-center\/#\">WordPress News<\/a><\/li>\r\n \t<li><a href=\"https:\/\/demo.themeisle.com\/neve-vet-center\/#\">Startups and tech<\/a><\/li>\r\n \t<li><a href=\"https:\/\/demo.themeisle.com\/neve-vet-center\/#\">People and Leaders<\/a><\/li>\r\n<\/ul>","filter":true,"visual":true}},"footer-three-widgets":{"text-5":{"title":"SOCIAL FOLLOW","text":"<div class=\"elementor-element elementor-element-6ff7533d elementor-widget elementor-widget-heading\" data-id=\"6ff7533d\"><\/div>\r\n<div class=\"elementor-element elementor-element-23d47f1d elementor-widget elementor-widget-divider\" data-id=\"23d47f1d\">\r\n<div class=\"elementor-widget-container\">\r\n<div class=\"elementor-divider\">\r\n<div class=\"elementor-element elementor-element-593cccb8 elementor-widget elementor-widget-divider\" data-id=\"593cccb8\">\r\n<div class=\"elementor-widget-container\">\r\n<div class=\"elementor-divider\">\r\n<div class=\"elementor-element elementor-element-5c9f9ffd elementor-widget elementor-widget-heading\" data-id=\"5c9f9ffd\">\r\n<ul>\r\n \t<li class=\"elementor-widget-container\">\r\n<div class=\"elementor-element elementor-element-5c9f9ffd elementor-widget elementor-widget-heading\" data-id=\"5c9f9ffd\">\r\n<div class=\"elementor-widget-container\"><span class=\"elementor-heading-title elementor-size-default\"><a href=\"https:\/\/demo.themeisle.com\/neve-vet-center\/#\">Facebook<\/a><\/span><\/div>\r\n<\/div>\r\n<div class=\"elementor-divider\"><\/div><\/li>\r\n \t<li>\r\n<div class=\"elementor-element elementor-element-5c9f9ffd elementor-widget elementor-widget-heading\" data-id=\"5c9f9ffd\">\r\n<div class=\"elementor-widget-container\"><span class=\"elementor-heading-title elementor-size-default\"><a href=\"https:\/\/demo.themeisle.com\/neve-vet-center\/#\">Twitter<\/a><\/span><\/div>\r\n<\/div>\r\n<div class=\"elementor-divider\"><\/div><\/li>\r\n \t<li>\r\n<div class=\"elementor-element elementor-element-5c9f9ffd elementor-widget elementor-widget-heading\" data-id=\"5c9f9ffd\">\r\n<div class=\"elementor-widget-container\"><span class=\"elementor-heading-title elementor-size-default\"><a href=\"https:\/\/demo.themeisle.com\/neve-vet-center\/#\">Instagram<\/a><\/span><\/div>\r\n<\/div>\r\n<div class=\"elementor-element elementor-element-5c6f4ad3 elementor-widget elementor-widget-divider\" data-id=\"5c6f4ad3\">\r\n<div class=\"elementor-widget-container\">\r\n<div class=\"elementor-divider\"><\/div>\r\n<\/div>\r\n<\/div><\/li>\r\n<\/ul>\r\n<\/div>\r\n<div class=\"elementor-element elementor-element-5c6f4ad3 elementor-widget elementor-widget-divider\" data-id=\"5c6f4ad3\">\r\n<div class=\"elementor-widget-container\">\r\n<div class=\"elementor-divider\"><\/div>\r\n<\/div>\r\n<\/div>\r\n<\/div>\r\n<\/div>\r\n<\/div>\r\n<\/div>\r\n<\/div>\r\n<\/div>","filter":true,"visual":true}}},"recommended_plugins":[],"mandatory_plugins":{"beaver-builder-lite-version":"WordPress Page Builder &#8211; Beaver Builder","wpzoom-addons-for-beaver-builder":"Beaver Builder Addons by WPZOOM","themeisle-companion":"Orbit Fox by ThemeIsle"},"default_off_recommended_plugins":[],"front_page":{"front_page":"neve-vet-center-bb-home-page","blog_page":null},"shop_pages":null}