{"content_file":"https:\/\/demo.themeisle.com\/neve-themotion-bb\/wp-content\/uploads\/sites\/252\/ti-demo-data\/export.xml","theme_mods":{"ti_about_recommended_plugins":{"otter-blocks":"visible"},"neve_last_menu_item":"[]","ti_prev_theme":"twentyseventeen","custom_css_post_id":16,"neve_headings_font_family":"Open Sans","neve_h2_font_size":"{\"suffix\":{\"mobile\":\"em\",\"tablet\":\"em\",\"desktop\":\"px\"},\"mobile\":1.3,\"tablet\":1.3,\"desktop\":25}","neve_h1_font_size":"{\"suffix\":{\"mobile\":\"em\",\"tablet\":\"em\",\"desktop\":\"px\"},\"mobile\":1.5,\"tablet\":1.5,\"desktop\":50}","neve_h3_font_size":"{\"suffix\":{\"mobile\":\"em\",\"tablet\":\"em\",\"desktop\":\"px\"},\"mobile\":1.1,\"tablet\":1.1,\"desktop\":17.6}","custom_logo":31,"primary-menu_color":"#2b2b2a","primary-menu_hover_color":"#5bc19a","primary-menu_style":"style-border-bottom","primary-menu_active_color":"#5bc19a","logo_max_width":"{\"mobile\":120,\"tablet\":120,\"desktop\":156}","neve_body_font_family":"Open Sans","neve_link_color":"#5bc19a","neve_link_hover_color":"#628d7c","neve_grid_layout":3,"neve_layout_single_post_elements_order":"[\"title-meta\",\"content\",\"tags\",\"comments\"]","neve_headings_font_weight":"700","__ti_import_menus_location":{"primary":"primary-menu-links"}},"wp_options":{"obfx_data":{"core_settings":[],"module_status":{"social-sharing":{"showed_notices":[]},"gutenberg-blocks":{"showed_notices":[],"active":false},"uptime-monitor":{"showed_notices":[]},"google-analytics":{"showed_notices":[]},"template-directory":{"showed_notices":[],"active":false},"menu-icons":{"showed_notices":[],"active":false},"mystock-import":{"showed_notices":[],"active":false},"policy-notice":{"showed_notices":[]},"beaver-widgets":{"showed_notices":[]},"safe-updates":{"showed_notices":[]}},"module_settings":{"safe-updates":{"auto_update_checks":"0"}}}},"widgets":{"blog-sidebar":{"search-2":{"title":""},"recent-posts-2":{"title":"","number":5},"recent-comments-2":{"title":"","number":5},"archives-2":{"title":"","count":0,"dropdown":0},"categories-2":{"title":"","count":0,"hierarchical":0,"dropdown":0},"meta-2":{"title":""}}},"recommended_plugins":[],"mandatory_plugins":{"themeisle-companion":"Orbit Fox by ThemeIsle","wpzoom-addons-for-beaver-builder":"Beaver Builder Addons by WPZOOM","beaver-builder-lite-version":"WordPress Page Builder &#8211; Beaver Builder"},"default_off_recommended_plugins":[],"front_page":{"front_page":"neve-themotion-bb-home-page","blog_page":"neve-themotion-bb-blog"},"shop_pages":null}