{"content_file":"https:\/\/demo.themeisle.com\/neve-bb-music-band\/wp-content\/uploads\/sites\/245\/ti-demo-data\/export.xml","theme_mods":{"ti_about_recommended_plugins":{"otter-blocks":"visible"},"neve_last_menu_item":"[]","ti_prev_theme":"twentyseventeen","custom_css_post_id":97,"neve_body_font_family":"Roboto Mono","neve_body_font_weight":"400","neve_body_font_size":"{\"suffix\":{\"mobile\":\"px\",\"tablet\":\"px\",\"desktop\":\"px\"},\"mobile\":15,\"tablet\":16,\"desktop\":16}","neve_headings_font_family":"Roboto Mono","neve_h1_font_size":"{\"suffix\":{\"mobile\":\"px\",\"tablet\":\"px\",\"desktop\":\"px\"},\"mobile\":30,\"tablet\":40,\"desktop\":55}","neve_h2_font_size":"{\"suffix\":{\"mobile\":\"px\",\"tablet\":\"px\",\"desktop\":\"px\"},\"mobile\":25,\"tablet\":30,\"desktop\":35}","neve_h3_font_size":"{\"suffix\":{\"mobile\":\"px\",\"tablet\":\"px\",\"desktop\":\"px\"},\"mobile\":18,\"tablet\":20,\"desktop\":20}","neve_h4_font_size":"{\"suffix\":{\"mobile\":\"px\",\"tablet\":\"px\",\"desktop\":\"px\"},\"mobile\":16,\"tablet\":16,\"desktop\":16}","neve_h5_font_size":"{\"suffix\":{\"mobile\":\"px\",\"tablet\":\"px\",\"desktop\":\"px\"},\"mobile\":14,\"tablet\":14,\"desktop\":14}","neve_h6_font_size":"{\"suffix\":{\"mobile\":\"px\",\"tablet\":\"px\",\"desktop\":\"px\"},\"mobile\":12,\"tablet\":12,\"desktop\":12}","neve_headings_line_height":"{\"mobile\":1.6,\"tablet\":1.6,\"desktop\":1.5}","neve_headings_font_weight":"900","neve_headings_text_transform":"uppercase","neve_link_color":"#010101","neve_link_hover_color":"#010101","neve_text_color":"#010101","neve_button_color":"#ffe179","neve_button_text_color":"#010101","neve_button_hover_color":"#010101","neve_button_border_radius":0,"neve_secondary_button_color":"#010101","neve_secondary_button_hover_color":"#010101","neve_secondary_button_border_radius":0,"hfg_header_layout_main_skin":"light-mode","logo_show_tagline":0,"primary-menu_style":"style-border-bottom","primary-menu_color":"#010101","primary-menu_active_color":"#010101","primary-menu_hover_color":"#010101","neve_generated_style_version":1564133674,"neve_post_excerpt_length":40,"neve_default_sidebar_layout":"full-width","neve_sitewide_content_width":80,"custom_logo":79,"logo_max_width":"{\"mobile\":120,\"tablet\":120,\"desktop\":200}","__ti_import_menus_location":{"primary":"main"}},"wp_options":{"obfx_data":{"core_settings":[],"module_status":{"social-sharing":{"showed_notices":[]},"gutenberg-blocks":{"showed_notices":[],"active":false},"uptime-monitor":{"showed_notices":[]},"google-analytics":{"showed_notices":[]},"elementor-widgets":{"showed_notices":[],"active":true},"template-directory":{"showed_notices":[],"active":false},"menu-icons":{"showed_notices":[],"active":false},"mystock-import":{"showed_notices":[],"active":false},"policy-notice":{"showed_notices":[]},"safe-updates":{"showed_notices":[]},"beaver-widgets":{"showed_notices":[]}},"module_settings":{"safe-updates":{"auto_update_checks":"0"}}}},"widgets":{"blog-sidebar":{"search-2":{"title":""},"recent-posts-2":{"title":"","number":5},"recent-comments-2":{"title":"","number":5},"archives-2":{"title":"","count":0,"dropdown":0},"categories-2":{"title":"","count":0,"hierarchical":0,"dropdown":0},"meta-2":{"title":""}}},"recommended_plugins":[],"mandatory_plugins":{"themeisle-companion":"Orbit Fox by ThemeIsle","beaver-builder-lite-version":"WordPress Page Builder &#8211; Beaver Builder","wpzoom-addons-for-beaver-builder":"Beaver Builder Addons by WPZOOM"},"default_off_recommended_plugins":[],"front_page":{"front_page":"neve-bb-music-band-home","blog_page":"neve-bb-music-band-news"},"shop_pages":null}