{
  "content_file": "https://demo.themeisle.com/neve-doctors/wp-content/uploads/sites/176/ti-demo-data/export.xml",
  "theme_mods": {
    "zelle_frontpage_was_imported": "not-zerif",
    "custom_css_post_id": 21,
    "neve_top_bar_enable": true,
    "neve_top_bar_content": "Treating you is our passion",
    "background_color": "ffffff",
    "neve_link_color": "#404248",
    "neve_link_hover_color": "#404248",
    "neve_text_color": "#404248",
    "neve_menu_item_color": "#23a455",
    "neve_menu_item_hover_color": "#404248",
    "neve_button_color": "#23a455",
    "neve_footer_content_type": "footer_menu",
    "neve_last_menu_item": "[]",
    "neve_headings_font_family": "default",
    "hfg_header_layout": "{\"desktop\":{\"top\":[],\"main\":[{\"x\":0,\"y\":1,\"width\":4,\"height\":1,\"id\":\"logo\"},{\"x\":4,\"y\":1,\"width\":8,\"height\":1,\"id\":\"primary-menu\"}],\"bottom\":[]},\"mobile\":{\"top\":[],\"main\":[{\"x\":0,\"y\":1,\"width\":8,\"height\":1,\"id\":\"logo\"},{\"x\":8,\"y\":1,\"width\":4,\"height\":1,\"id\":\"nav-icon\"}],\"bottom\":[],\"sidebar\":[{\"x\":0,\"y\":1,\"width\":8,\"height\":1,\"id\":\"primary-menu\"}]}}",
    "hfg_footer_layout": "{\"desktop\":{\"top\":[],\"bottom\":[{\"x\":0,\"y\":1,\"width\":12,\"height\":1,\"id\":\"footer_copyright\"}]}}",
    "primary-menu_style": "style-border-bottom",
    "primary-menu_active_color": "#23a454",
    "primary-menu_hover_color": "#23a454",
    "footer_copyright_component_align": "center",
    "neve_blog_archive_layout": "default",
    "neve_body_font_size": "{\"suffix\":{\"mobile\":\"px\",\"tablet\":\"px\",\"desktop\":\"px\"},\"mobile\":15,\"tablet\":16,\"desktop\":16}",
    "neve_body_line_height": "{\"mobile\":1.6,\"tablet\":1.6,\"desktop\":1.6}",
    "neve_body_letter_spacing": 0,
    "neve_h1_font_size": "{\"suffix\":{\"mobile\":\"em\",\"tablet\":\"em\",\"desktop\":\"em\"},\"mobile\":1.5,\"tablet\":1.5,\"desktop\":2}",
    "neve_h2_font_size": "{\"suffix\":{\"mobile\":\"em\",\"tablet\":\"em\",\"desktop\":\"em\"},\"mobile\":1.3,\"tablet\":1.3,\"desktop\":1.75}",
    "neve_h3_font_size": "{\"suffix\":{\"mobile\":\"em\",\"tablet\":\"em\",\"desktop\":\"em\"},\"mobile\":1.1,\"tablet\":1.1,\"desktop\":1.5}",
    "neve_h4_font_size": "{\"suffix\":{\"mobile\":\"em\",\"tablet\":\"em\",\"desktop\":\"em\"},\"mobile\":1,\"tablet\":1,\"desktop\":1.25}",
    "neve_h5_font_size": "{\"suffix\":{\"mobile\":\"em\",\"tablet\":\"em\",\"desktop\":\"em\"},\"mobile\":0.75,\"tablet\":0.75,\"desktop\":1}",
    "neve_h6_font_size": "{\"suffix\":{\"mobile\":\"em\",\"tablet\":\"em\",\"desktop\":\"em\"},\"mobile\":0.75,\"tablet\":0.75,\"desktop\":1}",
    "neve_headings_line_height": "{\"mobile\":1.6,\"tablet\":1.6,\"desktop\":1.3}",
    "neve_headings_font_weight": "600",
    "ti_about_recommended_plugins": {
      "otter-blocks": "visible"
    },
    "neve_generated_style_version": 1563003265,
    "__ti_import_menus_location": {
      "top-bar": "very-top",
      "primary": "main",
      "footer": "main"
    }
  },
  "wp_options": {
    "obfx_data": {
      "core_settings": [],
      "module_status": {
        "social-sharing": {
          "showed_notices": []
        },
        "image-cdn": {
          "showed_notices": []
        },
        "uptime-monitor": {
          "showed_notices": []
        },
        "google-analytics": {
          "showed_notices": []
        },
        "elementor-widgets": {
          "showed_notices": [],
          "active": true
        },
        "template-directory": {
          "showed_notices": [],
          "active": false
        },
        "menu-icons": {
          "showed_notices": [],
          "active": false
        },
        "mystock-import": {
          "showed_notices": [],
          "active": false
        },
        "policy-notice": {
          "showed_notices": []
        },
        "safe-updates": {
          "showed_notices": [],
          "active": false
        },
        "gutenberg-blocks": {
          "showed_notices": [],
          "active": false
        }
      },
      "module_settings": {
        "image-cdn": {
          "enable_cdn_replacer": "0",
          "obfx_connect_api_key": ""
        },
        "safe-updates": {
          "auto_update_checks": "0"
        }
      }
    },
    "elementor_load_fa4_shim": "yes"
  },
  "widgets": {
    "blog-sidebar": {
      "search-2": {
        "title": ""
      },
      "recent-posts-2": {
        "title": "",
        "number": 5
      },
      "archives-2": {
        "title": "",
        "count": 0,
        "dropdown": 0
      },
      "meta-2": {
        "title": ""
      }
    }
  },
  "recommended_plugins": [],
  "mandatory_plugins": {
    "elementor": "Elementor Page Builder",
    "themeisle-companion": "Orbit Fox by ThemeIsle"
  },
  "default_off_recommended_plugins": [],
  "front_page": {
    "front_page": "neve-doctors-homepage",
    "blog_page": "neve-doctors-demo-blog"
  },
  "shop_pages": null
}
