{"content_file":"https:\/\/demo.themeisle.com\/neve-wedding\/wp-content\/uploads\/sites\/214\/ti-demo-data\/export.xml","theme_mods":{"ti_about_recommended_plugins":{"otter-blocks":"visible"},"neve_last_menu_item":"[]","ti_prev_theme":"twentyseventeen","custom_css_post_id":-1,"neve_post_excerpt_length":60,"logo_show_tagline":0,"neve_body_font_family":"Droid Sans","neve_headings_font_family":"Droid Serif","neve_link_color":"#42858c","neve_link_hover_color":"#42858c","neve_text_color":"#1f2025","hfg_header_layout_main_skin":"light-mode","primary-menu_style":"style-border-top","primary-menu_color":"#1f2025","primary-menu_active_color":"#42858c","primary-menu_hover_color":"#42858c","neve_button_color":"#82d7c7","neve_button_text_color":"#1f2025","neve_button_hover_color":"#439d8d","neve_button_padding":{"desktop":{"top":"20","right":"40","bottom":"20","left":"40"},"tablet":{"top":"","right":"","bottom":"","left":""},"mobile":{"top":"","right":"","bottom":"","left":""},"desktop-unit":"px","tablet-unit":"px","mobile-unit":"px"},"neve_button_border_radius":4,"neve_secondary_button_color":"#42858c","neve_secondary_button_hover_color":"#42858c","neve_secondary_button_padding":{"desktop":{"top":"20","right":"40","bottom":"20","left":"40"},"tablet":{"top":"","right":"","bottom":"","left":""},"mobile":{"top":"","right":"","bottom":"","left":""},"desktop-unit":"px","tablet-unit":"px","mobile-unit":"px"},"neve_secondary_button_border_radius":4,"neve_headings_font_weight":"400","neve_h1_font_size":"{\"suffix\":{\"mobile\":\"px\",\"tablet\":\"px\",\"desktop\":\"px\"},\"mobile\":30,\"tablet\":55,\"desktop\":65}","neve_h2_font_size":"{\"suffix\":{\"mobile\":\"px\",\"tablet\":\"px\",\"desktop\":\"px\"},\"mobile\":25,\"tablet\":40,\"desktop\":45}","neve_h3_font_size":"{\"suffix\":{\"mobile\":\"px\",\"tablet\":\"px\",\"desktop\":\"px\"},\"mobile\":25,\"tablet\":25,\"desktop\":25}","neve_headings_line_height":"{\"mobile\":1.8,\"tablet\":1.6,\"desktop\":1.6}","custom_logo":91,"logo_max_width":"{\"mobile\":120,\"tablet\":120,\"desktop\":175}","neve_generated_style_version":1564481184,"neve_blog_archive_layout":"alternative","neve_default_sidebar_layout":"full-width","neve_sitewide_content_width":86,"__ti_import_menus_location":{"primary":"primary"}},"wp_options":{"obfx_data":{"core_settings":[],"module_status":{"social-sharing":{"showed_notices":[]},"gutenberg-blocks":{"showed_notices":[],"active":false},"uptime-monitor":{"showed_notices":[]},"google-analytics":{"showed_notices":[],"active":false},"elementor-widgets":{"showed_notices":[],"active":true},"template-directory":{"showed_notices":[],"active":false},"menu-icons":{"showed_notices":[],"active":false},"mystock-import":{"showed_notices":[],"active":false},"policy-notice":{"showed_notices":[],"active":false},"safe-updates":{"showed_notices":[]}},"module_settings":{"safe-updates":{"auto_update_checks":"0"}}},"elementor_disable_color_schemes":"yes","elementor_disable_typography_schemes":"yes","elementor_load_fa4_shim":""},"widgets":{"blog-sidebar":{"search-2":{"title":""},"recent-posts-2":{"title":"","number":5},"recent-comments-2":{"title":"","number":5},"archives-2":{"title":"","count":0,"dropdown":0},"categories-2":{"title":"","count":0,"hierarchical":0,"dropdown":0},"meta-2":{"title":""}}},"recommended_plugins":[],"mandatory_plugins":{"themeisle-companion":"Orbit Fox by ThemeIsle","elementor":"Elementor Page Builder"},"default_off_recommended_plugins":[],"front_page":{"front_page":"neve-wedding-home","blog_page":"neve-wedding-news"},"shop_pages":null}