{"content_file":"https:\/\/demo.themeisle.com\/neve-bb-doctors\/wp-content\/uploads\/sites\/239\/ti-demo-data\/export.xml","theme_mods":{"zelle_frontpage_was_imported":"not-zerif","custom_css_post_id":21,"neve_top_bar_enable":true,"neve_top_bar_content":"Treating you is our passion","background_color":"ffffff","neve_link_color":"#1f2025","neve_link_hover_color":"#1f2025","neve_text_color":"#1f2025","neve_menu_item_color":"#23a455","neve_menu_item_hover_color":"#404248","neve_button_color":"#23a455","neve_footer_content_type":"footer_menu","neve_last_menu_item":"[]","neve_headings_font_family":"Poppins","hfg_header_layout":"{\"desktop\":{\"top\":[],\"main\":[{\"x\":0,\"y\":1,\"width\":4,\"height\":1,\"id\":\"logo\"},{\"x\":4,\"y\":1,\"width\":8,\"height\":1,\"id\":\"primary-menu\"}],\"bottom\":[]},\"mobile\":{\"top\":[],\"main\":[{\"x\":0,\"y\":1,\"width\":8,\"height\":1,\"id\":\"logo\"},{\"x\":8,\"y\":1,\"width\":4,\"height\":1,\"id\":\"nav-icon\"}],\"bottom\":[],\"sidebar\":[{\"x\":0,\"y\":1,\"width\":8,\"height\":1,\"id\":\"primary-menu\"}]}}","hfg_footer_layout":"{\"desktop\":{\"top\":[{\"x\":0,\"y\":1,\"width\":4,\"height\":1,\"id\":\"footer-one-widgets\"},{\"x\":4,\"y\":1,\"width\":4,\"height\":1,\"id\":\"footer-two-widgets\"},{\"x\":8,\"y\":1,\"width\":4,\"height\":1,\"id\":\"footer-three-widgets\"}],\"bottom\":[{\"x\":0,\"y\":1,\"width\":12,\"height\":1,\"id\":\"footer_copyright\"}]}}","primary-menu_style":"style-border-bottom","primary-menu_active_color":"#23a454","primary-menu_hover_color":"#23a454","footer_copyright_component_align":"center","neve_blog_archive_layout":"default","neve_body_font_size":"{\"suffix\":{\"mobile\":\"px\",\"tablet\":\"px\",\"desktop\":\"px\"},\"mobile\":15,\"tablet\":16,\"desktop\":16}","neve_body_line_height":"{\"mobile\":1.6,\"tablet\":1.6,\"desktop\":1.6}","neve_body_letter_spacing":0,"neve_h1_font_size":"{\"suffix\":{\"mobile\":\"em\",\"tablet\":\"em\",\"desktop\":\"px\"},\"mobile\":1.5,\"tablet\":1.5,\"desktop\":54}","neve_h2_font_size":"{\"suffix\":{\"mobile\":\"em\",\"tablet\":\"em\",\"desktop\":\"px\"},\"mobile\":1.3,\"tablet\":1.3,\"desktop\":35}","neve_h3_font_size":"{\"suffix\":{\"mobile\":\"em\",\"tablet\":\"em\",\"desktop\":\"px\"},\"mobile\":1.1,\"tablet\":1.1,\"desktop\":20}","neve_h4_font_size":"{\"suffix\":{\"mobile\":\"em\",\"tablet\":\"em\",\"desktop\":\"px\"},\"mobile\":1,\"tablet\":1,\"desktop\":25}","neve_h5_font_size":"{\"suffix\":{\"mobile\":\"em\",\"tablet\":\"em\",\"desktop\":\"em\"},\"mobile\":0.75,\"tablet\":0.75,\"desktop\":20}","neve_h6_font_size":"{\"suffix\":{\"mobile\":\"em\",\"tablet\":\"em\",\"desktop\":\"em\"},\"mobile\":0.75,\"tablet\":0.75,\"desktop\":1}","neve_headings_line_height":"{\"mobile\":1.6,\"tablet\":1.6,\"desktop\":1.3}","neve_headings_font_weight":"700","ti_about_recommended_plugins":{"otter-blocks":"visible"},"neve_generated_style_version":1563003265,"hfg_footer_layout_top_layout":"layout-fullwidth","hfg_footer_layout_top_height":"{\"mobile\":0,\"tablet\":0,\"desktop\":0}","hfg_footer_layout_top_color":"#033140","logo_component_align":"left","hfg_header_layout_main_skin":"light-mode","neve_body_font_family":"Poppins","logo_show_tagline":0,"__ti_import_menus_location":{"top-bar":"very-top","primary":"main","footer":"main"}},"wp_options":{"obfx_data":{"core_settings":[],"module_status":{"social-sharing":{"showed_notices":[]},"image-cdn":{"showed_notices":[]},"uptime-monitor":{"showed_notices":[]},"google-analytics":{"showed_notices":[]},"elementor-widgets":{"showed_notices":[],"active":true},"template-directory":{"showed_notices":[],"active":false},"menu-icons":{"showed_notices":[],"active":false},"mystock-import":{"showed_notices":[],"active":false},"policy-notice":{"showed_notices":[]},"safe-updates":{"showed_notices":[],"active":false},"gutenberg-blocks":{"showed_notices":[],"active":false},"beaver-widgets":{"showed_notices":[]}},"module_settings":{"image-cdn":{"enable_cdn_replacer":"0","obfx_connect_api_key":""},"safe-updates":{"auto_update_checks":"0"}}}},"widgets":{"blog-sidebar":{"search-2":{"title":""},"recent-posts-2":{"title":"","number":5},"archives-2":{"title":"","count":0,"dropdown":0},"meta-2":{"title":""}},"footer-one-widgets":{"text-2":{"title":"ABOUT US","text":"Are you tired of your project feed looking like a small screenshot of a bunch of screenshots? Follow these simple steps and you can make your project thumbnails look great!","filter":true,"visual":true}},"footer-two-widgets":{"text-4":{"title":"PAGE MENU","text":"<ul>\r\n \t<li><a href=\"https:\/\/demo.themeisle.com\/neve-doctors\/#\">WordPress News<\/a><\/li>\r\n \t<li><a href=\"https:\/\/demo.themeisle.com\/neve-doctors\/#\">Startups and tech<\/a><\/li>\r\n \t<li><a href=\"https:\/\/demo.themeisle.com\/neve-doctors\/#\">People and Leaders<\/a><\/li>\r\n<\/ul>","filter":true,"visual":true}},"footer-three-widgets":{"text-5":{"title":"SOCIAL FOLLOW","text":"<ul>\r\n \t<li><a href=\"https:\/\/demo.themeisle.com\/neve-doctors\/#\">Facebook<\/a><\/li>\r\n \t<li><a href=\"https:\/\/demo.themeisle.com\/neve-doctors\/#\">Twitter<\/a><\/li>\r\n \t<li><a href=\"https:\/\/demo.themeisle.com\/neve-doctors\/#\">Instagram<\/a><\/li>\r\n<\/ul>","filter":true,"visual":true}}},"recommended_plugins":[],"mandatory_plugins":{"themeisle-companion":"Orbit Fox by ThemeIsle","beaver-builder-lite-version":"WordPress Page Builder &#8211; Beaver Builder","wpzoom-addons-for-beaver-builder":"Beaver Builder Addons by WPZOOM"},"default_off_recommended_plugins":[],"front_page":{"front_page":"neve-bb-doctors-homepage","blog_page":"neve-bb-doctors-blog"},"shop_pages":null}