{"content_file":"https:\/\/demo.themeisle.com\/neve-amadeus\/wp-content\/uploads\/sites\/218\/ti-demo-data\/export.xml","theme_mods":{"ti_about_recommended_plugins":{"otter-blocks":"visible"},"neve_last_menu_item":"[\"search\"]","ti_prev_theme":"twentyseventeen","custom_css_post_id":-1,"neve_post_excerpt_length":40,"logo_show_tagline":0,"neve_generated_style_version":1564380462,"neve_h1_font_size":"{\"suffix\":{\"mobile\":\"px\",\"tablet\":\"px\",\"desktop\":\"px\"},\"mobile\":30,\"tablet\":40,\"desktop\":50}","neve_h2_font_size":"{\"suffix\":{\"mobile\":\"px\",\"tablet\":\"px\",\"desktop\":\"px\"},\"mobile\":25,\"tablet\":35,\"desktop\":40}","neve_h3_font_size":"{\"suffix\":{\"mobile\":\"px\",\"tablet\":\"px\",\"desktop\":\"px\"},\"mobile\":20,\"tablet\":25,\"desktop\":28}","neve_h4_font_size":"{\"suffix\":{\"mobile\":\"px\",\"tablet\":\"px\",\"desktop\":\"px\"},\"mobile\":16,\"tablet\":15,\"desktop\":24}","neve_h5_font_size":"{\"suffix\":{\"mobile\":\"px\",\"tablet\":\"px\",\"desktop\":\"px\"},\"mobile\":14,\"tablet\":14,\"desktop\":20}","neve_h6_font_size":"{\"suffix\":{\"mobile\":\"em\",\"tablet\":\"px\",\"desktop\":\"px\"},\"mobile\":12,\"tablet\":12,\"desktop\":14}","neve_headings_font_family":"Playfair Display","neve_link_color":"#ce061e","neve_link_hover_color":"#b50a2f","neve_button_color":"#b50a2f","neve_button_hover_color":"#17191b","neve_button_border_radius":0,"neve_blog_archive_layout":"grid","neve_default_sidebar_layout":"right","neve_body_font_family":"Noto Serif","background_color":"f6f3ef","neve_grid_layout":3,"neve_sitewide_content_width":70,"neve_advanced_layout_options":true,"neve_blog_archive_sidebar_layout":"full-width","neve_blog_archive_content_width":100,"custom_logo":39,"logo_max_width":"{\"mobile\":120,\"tablet\":120,\"desktop\":185}","primary-menu_style":"style-border-bottom","primary-menu_active_color":"#b50a2f","primary-menu_hover_color":"#b50a2f","neve_text_color":"#1f2025","hfg_footer_layout_bottom_color":"#1f2025","__ti_import_menus_location":{"primary":"primary"}},"wp_options":{"elementor_disable_color_schemes":"yes","elementor_disable_typography_schemes":"yes","elementor_load_fa4_shim":"","obfx_data":{"core_settings":[],"module_status":{"social-sharing":{"showed_notices":[]},"gutenberg-blocks":{"showed_notices":[],"active":true},"uptime-monitor":{"showed_notices":[]},"google-analytics":{"showed_notices":[]},"elementor-widgets":{"showed_notices":[]},"template-directory":{"showed_notices":[],"active":false},"menu-icons":{"showed_notices":[],"active":false},"mystock-import":{"showed_notices":[],"active":false},"policy-notice":{"showed_notices":[]},"safe-updates":{"showed_notices":[]}},"module_settings":{"safe-updates":{"auto_update_checks":"0"}}}},"widgets":{"blog-sidebar":{"search-2":{"title":""},"recent-posts-2":{"title":"","number":5},"recent-comments-2":{"title":"","number":5},"archives-2":{"title":"","count":0,"dropdown":0},"categories-2":{"title":"","count":0,"hierarchical":0,"dropdown":0},"meta-2":{"title":""}}},"recommended_plugins":[],"mandatory_plugins":{"elementor":"Elementor Page Builder","themeisle-companion":"Orbit Fox by ThemeIsle"},"default_off_recommended_plugins":[],"front_page":{"front_page":"neve-amadeus-home","blog_page":"neve-amadeus-blog"},"shop_pages":null}