{"content_file":"https:\/\/demo.themeisle.com\/neve-scholar-bb\/wp-content\/uploads\/sites\/270\/ti-demo-data\/export.xml","theme_mods":{"ti_prev_theme":"twentyseventeen","custom_css_post_id":23,"neve_last_menu_item":"[]","ti_about_recommended_plugins":{"otter-blocks":"visible"},"neve_generated_style_version":1561107429,"neve_body_font_family":"Montserrat","neve_body_font_weight":"500","neve_headings_font_family":"Montserrat","neve_h1_font_size":"{\"suffix\":{\"mobile\":\"px\",\"tablet\":\"em\",\"desktop\":\"px\"},\"mobile\":30,\"tablet\":1.5,\"desktop\":55}","neve_h2_font_size":"{\"suffix\":{\"mobile\":\"px\",\"tablet\":\"em\",\"desktop\":\"px\"},\"mobile\":25,\"tablet\":1.3,\"desktop\":35}","neve_h3_font_size":"{\"suffix\":{\"mobile\":\"px\",\"tablet\":\"em\",\"desktop\":\"px\"},\"mobile\":18,\"tablet\":1.1,\"desktop\":22}","neve_headings_font_weight":"900","neve_headings_text_transform":"none","neve_post_content_ordering":"[\"title-meta\",\"excerpt\"]","neve_link_color":"#fb7967","neve_link_hover_color":"#fb7967","neve_text_color":"#161414","hfg_footer_layout_bottom_color":"#1b4d61","neve_post_excerpt_length":40,"logo_show_tagline":0,"logo_show_title":1,"logo_max_width":"{\"mobile\":120,\"tablet\":120,\"desktop\":170}","neve_h4_font_size":"{\"suffix\":{\"mobile\":\"px\",\"tablet\":\"em\",\"desktop\":\"px\"},\"mobile\":16,\"tablet\":1,\"desktop\":18}","neve_h5_font_size":"{\"suffix\":{\"mobile\":\"px\",\"tablet\":\"em\",\"desktop\":\"px\"},\"mobile\":15,\"tablet\":0.75,\"desktop\":16}","neve_h6_font_size":"{\"suffix\":{\"mobile\":\"px\",\"tablet\":\"em\",\"desktop\":\"px\"},\"mobile\":14,\"tablet\":0.75,\"desktop\":14}","custom_logo":85,"neve_button_color":"#fb7967","neve_button_hover_color":"#91d2da","neve_button_hover_text_color":"#1b4d61","neve_button_border_radius":50,"__ti_import_menus_location":{"primary":"neve-scholar-main-menu"}},"wp_options":{"obfx_data":{"core_settings":[],"module_status":{"social-sharing":{"showed_notices":[]},"gutenberg-blocks":{"showed_notices":[],"active":false},"uptime-monitor":{"showed_notices":[]},"google-analytics":{"showed_notices":[]},"elementor-widgets":{"showed_notices":[]},"template-directory":{"showed_notices":[],"active":false},"menu-icons":{"showed_notices":[],"active":false},"mystock-import":{"showed_notices":[],"active":false},"policy-notice":{"showed_notices":[]},"safe-updates":{"showed_notices":[]},"beaver-widgets":{"showed_notices":[]}},"module_settings":{"safe-updates":{"auto_update_checks":"0"}}}},"widgets":{"blog-sidebar":{"search-2":{"title":""},"recent-posts-2":{"title":"","number":5},"recent-comments-2":{"title":"","number":5},"archives-2":{"title":"","count":0,"dropdown":0},"categories-2":{"title":"","count":0,"hierarchical":0,"dropdown":0},"meta-2":{"title":""}}},"recommended_plugins":[],"mandatory_plugins":{"themeisle-companion":"Orbit Fox by ThemeIsle","beaver-builder-lite-version":"WordPress Page Builder &#8211; Beaver Builder","wpzoom-addons-for-beaver-builder":"Beaver Builder Addons by WPZOOM"},"default_off_recommended_plugins":[],"front_page":{"front_page":"neve-scholar-bb-homepage","blog_page":"neve-scholar-bb-blog"},"shop_pages":null}