{"content_file":"https:\/\/demo.themeisle.com\/neve-rokophoto-bb\/wp-content\/uploads\/sites\/258\/ti-demo-data\/export.xml","theme_mods":{"ti_about_recommended_plugins":{"otter-blocks":"visible"},"neve_last_menu_item":"[\"search\"]","ti_prev_theme":"twentyseventeen","custom_css_post_id":18,"custom_logo":8,"logo_max_width":"{\"mobile\":120,\"tablet\":120,\"desktop\":60}","primary-menu_style":"style-border-bottom","primary-menu_active_color":"#fec503","primary-menu_hover_color":"#fec503","neve_link_color":"#fec503","neve_link_hover_color":"#fec503","neve_text_color":"#404248","neve_body_font_family":"Open Sans","neve_headings_font_family":"Open Sans","neve_h1_font_size":"{\"suffix\":{\"mobile\":\"em\",\"tablet\":\"em\",\"desktop\":\"px\"},\"mobile\":1.5,\"tablet\":1.5,\"desktop\":64}","neve_h2_font_size":"{\"suffix\":{\"mobile\":\"em\",\"tablet\":\"em\",\"desktop\":\"px\"},\"mobile\":1.3,\"tablet\":1.3,\"desktop\":40}","neve_h3_font_size":"{\"suffix\":{\"mobile\":\"em\",\"tablet\":\"em\",\"desktop\":\"px\"},\"mobile\":1.1,\"tablet\":1.1,\"desktop\":28}","neve_blog_archive_layout":"alternative","neve_blog_archive_container_style":"full-width","background_color":"ffffff","__ti_import_menus_location":{"primary":"primary-menu-links"}},"wp_options":{"obfx_data":{"core_settings":[],"module_status":{"social-sharing":{"showed_notices":[]},"gutenberg-blocks":{"showed_notices":[],"active":false},"uptime-monitor":{"showed_notices":[]},"google-analytics":{"showed_notices":[]},"template-directory":{"showed_notices":[],"active":false},"menu-icons":{"showed_notices":[],"active":false},"mystock-import":{"showed_notices":[],"active":false},"policy-notice":{"showed_notices":[]},"beaver-widgets":{"showed_notices":[]},"safe-updates":{"showed_notices":[]}},"module_settings":{"safe-updates":{"auto_update_checks":"0"}}}},"widgets":{"blog-sidebar":{"search-2":{"title":""},"recent-posts-2":{"title":"","number":5},"recent-comments-2":{"title":"","number":5},"archives-2":{"title":"","count":0,"dropdown":0},"categories-2":{"title":"","count":0,"hierarchical":0,"dropdown":0},"meta-2":{"title":""}}},"recommended_plugins":[],"mandatory_plugins":{"beaver-builder-lite-version":"WordPress Page Builder &#8211; Beaver Builder","wpzoom-addons-for-beaver-builder":"Beaver Builder Addons by WPZOOM","themeisle-companion":"Orbit Fox by ThemeIsle"},"default_off_recommended_plugins":[],"front_page":{"front_page":"neve-rokophoto-bb-home","blog_page":"neve-rokophoto-bb-blog"},"shop_pages":null}