{"content_file":"https:\/\/demo.themeisle.com\/neve-creative-portfolio\/wp-content\/uploads\/sites\/236\/ti-demo-data\/export.xml","theme_mods":{"ti_about_recommended_plugins":{"otter-blocks":"visible"},"neve_last_menu_item":"[]","ti_prev_theme":"twentyseventeen","custom_css_post_id":-1,"neve_body_font_family":"Nunito Sans","neve_body_font_weight":"300","neve_body_font_size":"{\"suffix\":{\"mobile\":\"px\",\"tablet\":\"px\",\"desktop\":\"px\"},\"mobile\":15,\"tablet\":16,\"desktop\":18}","neve_headings_font_family":"Playfair Display","neve_h1_font_size":"{\"suffix\":{\"mobile\":\"px\",\"tablet\":\"px\",\"desktop\":\"px\"},\"mobile\":45,\"tablet\":55,\"desktop\":65}","neve_h2_font_size":"{\"suffix\":{\"mobile\":\"px\",\"tablet\":\"px\",\"desktop\":\"px\"},\"mobile\":30,\"tablet\":35,\"desktop\":45}","neve_h3_font_size":"{\"suffix\":{\"mobile\":\"px\",\"tablet\":\"px\",\"desktop\":\"px\"},\"mobile\":20,\"tablet\":1.1,\"desktop\":25}","neve_h4_font_size":"{\"suffix\":{\"mobile\":\"px\",\"tablet\":\"px\",\"desktop\":\"px\"},\"mobile\":18,\"tablet\":1,\"desktop\":20}","neve_h5_font_size":"{\"suffix\":{\"mobile\":\"px\",\"tablet\":\"px\",\"desktop\":\"px\"},\"mobile\":16,\"tablet\":0.75,\"desktop\":16}","neve_h6_font_size":"{\"suffix\":{\"mobile\":\"px\",\"tablet\":\"px\",\"desktop\":\"px\"},\"mobile\":14,\"tablet\":0.75,\"desktop\":14}","neve_link_color":"#01978e","neve_link_hover_color":"#01978e","neve_text_color":"#282828","neve_button_color":"#01978e","neve_button_hover_color":"#0f968d","logo_show_tagline":0,"logo_show_title":1,"logo_max_width":"{\"mobile\":120,\"tablet\":120,\"desktop\":175}","primary-menu_color":"#000000","primary-menu_active_color":"#01978e","primary-menu_hover_color":"#01978e","hfg_footer_layout_bottom_color":"#282828","custom_logo":96,"neve_post_excerpt_length":35,"__ti_import_menus_location":{"primary":"neve-creative-portfolio-main-menu"}},"wp_options":{"elementor_disable_color_schemes":"yes","elementor_disable_typography_schemes":"yes","elementor_load_fa4_shim":"","obfx_data":{"core_settings":[],"module_status":{"social-sharing":{"showed_notices":[]},"gutenberg-blocks":{"showed_notices":[],"active":false},"uptime-monitor":{"showed_notices":[]},"google-analytics":{"showed_notices":[]},"elementor-widgets":{"showed_notices":[]},"template-directory":{"showed_notices":[],"active":false},"menu-icons":{"showed_notices":[],"active":false},"mystock-import":{"showed_notices":[],"active":false},"policy-notice":{"showed_notices":[]},"safe-updates":{"showed_notices":[]}},"module_settings":{"safe-updates":{"auto_update_checks":"0"}}}},"widgets":{"blog-sidebar":{"search-2":{"title":""},"recent-posts-2":{"title":"","number":5},"recent-comments-2":{"title":"","number":5},"archives-2":{"title":"","count":0,"dropdown":0},"categories-2":{"title":"","count":0,"hierarchical":0,"dropdown":0},"meta-2":{"title":""}}},"recommended_plugins":[],"mandatory_plugins":{"elementor":"Elementor Page Builder","themeisle-companion":"Orbit Fox by ThemeIsle"},"default_off_recommended_plugins":[],"front_page":{"front_page":"neve-creative-portfolio-home","blog_page":"neve-creative-portfolio-blog"},"shop_pages":null}