{
  "content_file": "https://demo.themeisle.com/neve-zelle/wp-content/uploads/sites/180/ti-demo-data/export.xml",
  "theme_mods": {
    "ti_prev_theme": "zerif-pro",
    "zelle_frontpage_was_imported": "yes",
    "ti_content_imported": "yes",
    "custom_css_post_id": -1,
    "neve_link_color": "#808080",
    "neve_menu_item_hover_color": "#313131",
    "neve_menu_item_color": "#313131",
    "neve_link_hover_color": "#e96656",
    "neve_button_color": "#e96656",
    "neve_blog_archive_layout": "alternative",
    "neve_footer_text": "<p><a href=\"https://themeisle.com/themes/neve/\" rel=\"nofollow\">Neve</a> | Powered by <a href=\"http://wordpress.org\" rel=\"nofollow\">WordPress</a></p>",
    "neve_last_menu_item": "[\"search\"]",
    "ti_about_recommended_plugins": {
      "otter-blocks": "visible"
    },
    "primary-menu_active_color": "#404248",
    "primary-menu_hover_color": "#e96656",
    "neve_layout_single_post_elements_order": "[\"title-meta\",\"content\",\"tags\",\"comments\"]",
    "neve_generated_style_version": 1562666063,
    "__ti_import_menus_location": {
      "primary": "neve-zelle-primary-menu"
    }
  },
  "wp_options": {
    "obfx_data": {
      "core_settings": [],
      "module_status": {
        "social-sharing": {
          "showed_notices": []
        },
        "gutenberg-blocks": {
          "showed_notices": [],
          "active": false
        },
        "uptime-monitor": {
          "showed_notices": []
        },
        "google-analytics": {
          "showed_notices": []
        },
        "elementor-widgets": {
          "showed_notices": []
        },
        "template-directory": {
          "showed_notices": [],
          "active": false
        },
        "menu-icons": {
          "showed_notices": [],
          "active": false
        },
        "mystock-import": {
          "showed_notices": [],
          "active": false
        },
        "policy-notice": {
          "showed_notices": []
        },
        "safe-updates": {
          "showed_notices": []
        }
      },
      "module_settings": {
        "safe-updates": {
          "auto_update_checks": "0"
        }
      }
    },
    "elementor_load_fa4_shim": "yes"
  },
  "widgets": {
    "blog-sidebar": {
      "search-2": {
        "title": ""
      },
      "recent-posts-2": {
        "title": "",
        "number": 5
      },
      "archives-2": {
        "title": "",
        "count": 0,
        "dropdown": 0
      },
      "categories-2": {
        "title": "",
        "count": 0,
        "hierarchical": 0,
        "dropdown": 0
      },
      "meta-2": {
        "title": ""
      }
    }
  },
  "recommended_plugins": [],
  "mandatory_plugins": {
    "themeisle-companion": "Orbit Fox by ThemeIsle",
    "elementor": "Elementor Page Builder"
  },
  "default_off_recommended_plugins": [],
  "front_page": {
    "front_page": "zelle-frontpage",
    "blog_page": "blog"
  },
  "shop_pages": null
}
