{"content_file":"https:\/\/demo.themeisle.com\/neve-bb-freelancer\/wp-content\/uploads\/sites\/269\/ti-demo-data\/export.xml","theme_mods":{"ti_prev_theme":"twentyseventeen","custom_css_post_id":34,"neve_link_hover_color":"#4c34fb","neve_menu_item_hover_color":"#67b3a3","neve_last_menu_item":"[]","neve_footer_text":"<p><a href=\"https:\/\/themeisle.com\/themes\/neve\/\" rel=\"nofollow\">Neve<\/a> | Powered by <a href=\"http:\/\/wordpress.org\" rel=\"nofollow\">WordPress<\/a><\/p>","ti_about_recommended_plugins":{"otter-blocks":"visible"},"neve_generated_style_version":1560354026,"neve_body_font_family":"Poppins","neve_body_font_weight":"400","neve_headings_font_family":"Poppins","neve_headings_font_weight":"900","neve_body_line_height":"{\"mobile\":1.6,\"tablet\":1.6,\"desktop\":1.9}","neve_headings_text_transform":"uppercase","neve_h1_font_size":"{\"suffix\":{\"mobile\":\"px\",\"tablet\":\"px\",\"desktop\":\"px\"},\"mobile\":30,\"tablet\":35,\"desktop\":55}","neve_h2_font_size":"{\"suffix\":{\"mobile\":\"px\",\"tablet\":\"px\",\"desktop\":\"px\"},\"mobile\":25,\"tablet\":25,\"desktop\":35}","neve_h3_font_size":"{\"suffix\":{\"mobile\":\"px\",\"tablet\":\"px\",\"desktop\":\"px\"},\"mobile\":18,\"tablet\":18,\"desktop\":20}","neve_h4_font_size":"{\"suffix\":{\"mobile\":\"px\",\"tablet\":\"px\",\"desktop\":\"px\"},\"mobile\":16,\"tablet\":16,\"desktop\":18}","neve_h5_font_size":"{\"suffix\":{\"mobile\":\"px\",\"tablet\":\"px\",\"desktop\":\"px\"},\"mobile\":14,\"tablet\":16,\"desktop\":16}","neve_h6_font_size":"{\"suffix\":{\"mobile\":\"px\",\"tablet\":\"px\",\"desktop\":\"px\"},\"mobile\":12,\"tablet\":14,\"desktop\":14}","neve_button_color":"#4c34fb","neve_button_hover_color":"#4c34fb","neve_secondary_button_color":"#4c34fb","neve_secondary_button_hover_color":"#4c34fb","hfg_footer_layout_bottom_color":"#4c34fb","neve_link_color":"#4c34fb","neve_text_color":"#020202","logo_show_tagline":0,"logo_show_title":1,"logo_max_width":"{\"mobile\":120,\"tablet\":120,\"desktop\":165}","primary-menu_style":"style-border-bottom","primary-menu_active_color":"#4c34fb","primary-menu_hover_color":"#4c34fb","custom_logo":84,"neve_advanced_layout_options":true,"neve_other_pages_sidebar_layout":"full-width","neve_other_pages_content_width":100,"neve_default_container_style":"full-width","neve_container_width":"{\"mobile\":748,\"tablet\":992,\"desktop\":1170}","__ti_import_menus_location":{"primary":"neve-freelancer-main-menu"}},"wp_options":{"obfx_data":{"core_settings":[],"module_status":{"social-sharing":{"showed_notices":[]},"gutenberg-blocks":{"showed_notices":[],"active":false},"uptime-monitor":{"showed_notices":[]},"google-analytics":{"showed_notices":[]},"elementor-widgets":{"showed_notices":[],"active":true},"template-directory":{"showed_notices":[],"active":false},"menu-icons":{"showed_notices":[],"active":false},"mystock-import":{"showed_notices":[],"active":false},"policy-notice":{"showed_notices":[]},"safe-updates":{"showed_notices":[]},"beaver-widgets":{"showed_notices":[]}},"module_settings":{"safe-updates":{"auto_update_checks":"0"}}}},"widgets":{"blog-sidebar":{"search-2":{"title":""},"recent-posts-2":{"title":"","number":5},"recent-comments-2":{"title":"","number":5},"archives-2":{"title":"","count":0,"dropdown":0},"categories-2":{"title":"","count":0,"hierarchical":0,"dropdown":0},"meta-2":{"title":""}}},"recommended_plugins":[],"mandatory_plugins":{"themeisle-companion":"Orbit Fox by ThemeIsle","beaver-builder-lite-version":"WordPress Page Builder &#8211; Beaver Builder","wpzoom-addons-for-beaver-builder":"Beaver Builder Addons by WPZOOM"},"default_off_recommended_plugins":[],"front_page":{"front_page":"neve-bb-freelancer-home","blog_page":null},"shop_pages":null}