{
  "content_file": "https://demo.themeisle.com/neve-fitness/wp-content/uploads/sites/208/ti-demo-data/export.xml",
  "theme_mods": {
    "ti_about_recommended_plugins": {
      "otter-blocks": "visible"
    },
    "neve_last_menu_item": "[]",
    "ti_prev_theme": "twentyseventeen",
    "custom_css_post_id": -1,
    "neve_body_font_family": "Poppins",
    "neve_headings_font_family": "Poppins",
    "neve_h1_font_size": "{\"suffix\":{\"mobile\":\"px\",\"tablet\":\"px\",\"desktop\":\"px\"},\"mobile\":35,\"tablet\":40,\"desktop\":70}",
    "neve_h2_font_size": "{\"suffix\":{\"mobile\":\"px\",\"tablet\":\"px\",\"desktop\":\"px\"},\"mobile\":25,\"tablet\":30,\"desktop\":40}",
    "neve_h3_font_size": "{\"suffix\":{\"mobile\":\"px\",\"tablet\":\"px\",\"desktop\":\"px\"},\"mobile\":18,\"tablet\":20,\"desktop\":23}",
    "neve_h4_font_size": "{\"suffix\":{\"mobile\":\"px\",\"tablet\":\"px\",\"desktop\":\"px\"},\"mobile\":16,\"tablet\":18,\"desktop\":20}",
    "neve_h5_font_size": "{\"suffix\":{\"mobile\":\"px\",\"tablet\":\"px\",\"desktop\":\"px\"},\"mobile\":14,\"tablet\":16,\"desktop\":16}",
    "neve_h6_font_size": "{\"suffix\":{\"mobile\":\"px\",\"tablet\":\"px\",\"desktop\":\"px\"},\"mobile\":13,\"tablet\":13,\"desktop\":13}",
    "neve_headings_line_height": "{\"mobile\":2.3,\"tablet\":1.6,\"desktop\":1.6}",
    "neve_headings_font_weight": "800",
    "neve_link_color": "#d7393e",
    "neve_link_hover_color": "#1f1f20",
    "neve_text_color": "#1f2025",
    "neve_button_color": "#d7393e",
    "neve_secondary_button_color": "#1f2025",
    "neve_secondary_button_hover_color": "#d7393e",
    "neve_secondary_button_border_radius": 0,
    "neve_blog_archive_layout": "grid",
    "neve_grid_layout": 2,
    "neve_author_avatar": false,
    "neve_default_sidebar_layout": "full-width",
    "neve_sitewide_content_width": 100,
    "neve_advanced_layout_options": true,
    "neve_blog_archive_sidebar_layout": "full-width",
    "neve_single_post_sidebar_layout": "full-width",
    "neve_other_pages_sidebar_layout": "full-width",
    "neve_blog_archive_content_width": 100,
    "neve_other_pages_content_width": 100,
    "primary-menu_color": "#1f1f20",
    "primary-menu_active_color": "#d7393e",
    "primary-menu_hover_color": "#d7393e",
    "hfg_header_layout_main_height": "{\"mobile\":0,\"tablet\":0,\"desktop\":80}",
    "hfg_header_layout_main_skin": "light-mode",
    "primary-menu_style": "style-border-bottom",
    "hfg_footer_layout": "{\"desktop\":{\"top\":[],\"bottom\":[{\"x\":0,\"y\":1,\"width\":6,\"height\":1,\"id\":\"footer_copyright\"},{\"x\":6,\"y\":1,\"width\":6,\"height\":1,\"id\":\"footer-menu\"}]}}",
    "hfg_footer_layout_bottom_layout": "layout-full-contained",
    "footer-menu_color": "#ffffff",
    "footer-menu_component_align": "right",
    "neve_container_width": "{\"mobile\":748,\"tablet\":992,\"desktop\":1140}",
    "footer-menu_hover_color": "#ffb546",
    "footer_copyright_component_align": "left",
    "logo_show_tagline": 0,
    "logo_show_title": 0,
    "custom_logo": 87,
    "neve_secondary_button_padding": {
      "desktop": {
        "top": "15",
        "right": "15",
        "bottom": "15",
        "left": "15"
      },
      "tablet": {
        "top": "",
        "right": "",
        "bottom": "",
        "left": ""
      },
      "mobile": {
        "top": "",
        "right": "",
        "bottom": "",
        "left": ""
      },
      "desktop-unit": "px",
      "tablet-unit": "px",
      "mobile-unit": "px"
    },
    "logo_max_width": "{\"mobile\":120,\"tablet\":120,\"desktop\":175}",
    "neve_layout_single_post_elements_order": "[\"thumbnail\",\"title-meta\",\"content\",\"tags\"]",
    "footer-one-widgets_component_padding": {
      "desktop": {
        "top": "40",
        "right": "",
        "bottom": "40",
        "left": ""
      },
      "tablet": {
        "top": "",
        "right": "",
        "bottom": "",
        "left": ""
      },
      "mobile": {
        "top": "",
        "right": "",
        "bottom": "",
        "left": ""
      },
      "desktop-unit": "px",
      "tablet-unit": "px",
      "mobile-unit": "px"
    },
    "footer-two-widgets_component_padding": {
      "desktop": {
        "top": "40",
        "right": "",
        "bottom": "40",
        "left": ""
      },
      "tablet": {
        "top": "",
        "right": "",
        "bottom": "",
        "left": ""
      },
      "mobile": {
        "top": "",
        "right": "",
        "bottom": "",
        "left": ""
      },
      "desktop-unit": "px",
      "tablet-unit": "px",
      "mobile-unit": "px"
    },
    "hfg_footer_layout_top_height": "{\"mobile\":0,\"tablet\":0,\"desktop\":260}",
    "hfg_footer_layout_top_skin": "dark-mode",
    "footer-three-widgets_component_padding": {
      "desktop": {
        "top": "40",
        "right": "",
        "bottom": "40",
        "left": ""
      },
      "tablet": {
        "top": "",
        "right": "",
        "bottom": "",
        "left": ""
      },
      "mobile": {
        "top": "",
        "right": "",
        "bottom": "",
        "left": ""
      },
      "desktop-unit": "px",
      "tablet-unit": "px",
      "mobile-unit": "px"
    },
    "hfg_footer_layout_bottom_skin": "dark-mode",
    "neve_button_hover_color": "#000000",
    "neve_button_padding": {
      "desktop": {
        "top": "15",
        "right": "25",
        "bottom": "15",
        "left": "25"
      },
      "tablet": {
        "top": "",
        "right": "",
        "bottom": "",
        "left": ""
      },
      "mobile": {
        "top": "",
        "right": "",
        "bottom": "",
        "left": ""
      },
      "desktop-unit": "px",
      "tablet-unit": "px",
      "mobile-unit": "px"
    },
    "neve_button_border_radius": 0,
    "hfg_header_layout": "{\"desktop\":{\"top\":[],\"main\":[{\"x\":0,\"y\":1,\"width\":4,\"height\":1,\"id\":\"logo\"},{\"x\":4,\"y\":1,\"width\":8,\"height\":1,\"id\":\"primary-menu\"}],\"bottom\":[]},\"mobile\":{\"top\":[],\"main\":[{\"x\":0,\"y\":1,\"width\":8,\"height\":1,\"id\":\"logo\"},{\"x\":8,\"y\":1,\"width\":4,\"height\":1,\"id\":\"nav-icon\"}],\"bottom\":[],\"sidebar\":[{\"x\":0,\"y\":1,\"width\":8,\"height\":1,\"id\":\"primary-menu\"}]}}",
    "footer-menu_style": "style-plain",
    "hfg_footer_layout_bottom_height": "{\"mobile\":0,\"tablet\":0,\"desktop\":104}",
    "hfg_header_layout_top_height": "{\"mobile\":0,\"tablet\":0,\"desktop\":175}",
    "hfg_header_layout_top_skin": "light-mode",
    "neve_post_content_ordering": "[\"thumbnail\",\"title-meta\",\"excerpt\"]",
    "neve_generated_style_version": 1563450791,
    "__ti_import_menus_location": {
      "primary": "main-menu",
      "footer": "footer-menu"
    }
  },
  "wp_options": {
    "obfx_data": {
      "core_settings": [],
      "module_status": {
        "social-sharing": {
          "showed_notices": []
        },
        "gutenberg-blocks": {
          "showed_notices": [],
          "active": false
        },
        "uptime-monitor": {
          "showed_notices": []
        },
        "google-analytics": {
          "showed_notices": []
        },
        "elementor-widgets": {
          "showed_notices": [],
          "active": true
        },
        "template-directory": {
          "showed_notices": [],
          "active": false
        },
        "menu-icons": {
          "showed_notices": [],
          "active": false
        },
        "mystock-import": {
          "showed_notices": [],
          "active": false
        },
        "policy-notice": {
          "showed_notices": []
        },
        "safe-updates": {
          "showed_notices": []
        }
      },
      "module_settings": {
        "safe-updates": {
          "auto_update_checks": "0"
        }
      }
    },
    "elementor_disable_color_schemes": "yes",
    "elementor_disable_typography_schemes": "yes",
    "elementor_load_fa4_shim": "yes"
  },
  "widgets": {
    "blog-sidebar": {
      "search-2": {
        "title": ""
      },
      "recent-posts-2": {
        "title": "",
        "number": 5
      },
      "recent-comments-2": {
        "title": "",
        "number": 5
      },
      "archives-2": {
        "title": "",
        "count": 0,
        "dropdown": 0
      },
      "categories-2": {
        "title": "",
        "count": 0,
        "hierarchical": 0,
        "dropdown": 0
      },
      "meta-2": {
        "title": ""
      }
    },
    "footer-one-widgets": {
      "text-3": {
        "title": "Welcome!",
        "text": "Pitchfork snackwave vaporware tofu next level. Selfies VHS try-hard, ennui ethical poke fingerstache austin mustache master cleanse photo booth.",
        "filter": true,
        "visual": true
      }
    },
    "footer-two-widgets": {
      "recent-posts-5": {
        "title": "Latest News",
        "number": 3,
        "show_date": false
      }
    },
    "footer-three-widgets": {
      "recent-posts-6": {
        "title": "",
        "number": 1,
        "show_date": false
      }
    }
  },
  "recommended_plugins": [],
  "mandatory_plugins": {
    "themeisle-companion": "Orbit Fox by ThemeIsle",
    "elementor": "Elementor Page Builder"
  },
  "default_off_recommended_plugins": [],
  "front_page": {
    "front_page": "neve-fitness-home",
    "blog_page": "neve-fitness-blog"
  },
  "shop_pages": null
}
