{"content_file":"https:\/\/demo.themeisle.com\/neve-energy-panels\/wp-content\/uploads\/sites\/167\/ti-demo-data\/export.xml","theme_mods":{"custom_css_post_id":189,"neve_default_sidebar_layout":"full-width","neve_link_color":"#004968","neve_theme_color":"#ef7745","neve_link_hover_color":"#39b061","neve_text_color":"#3a3a3a","neve_footer_widget_columns":3,"neve_footer_content_type":"none","neve_blog_archive_sidebar_layout":"full-width","neve_single_post_sidebar_layout":"right","neve_last_menu_item":"[]","neve_button_color":"#39b061","neve_menu_item_hover_color":"#0366d6","neve_headings_font_family":"Montserrat","neve_headings_font_weight":"800","neve_headings_text_transform":"none","neve_body_font_family":"Montserrat","neve_body_font_size":"{\"suffix\":{\"mobile\":\"px\",\"tablet\":\"px\",\"desktop\":\"px\"},\"mobile\":15,\"tablet\":16,\"desktop\":16}","ti_about_recommended_plugins":{"otter-blocks":"visible"},"neve_body_font_weight":"500","hfg_header_layout":"{\"desktop\":{\"top\":[],\"main\":[{\"x\":0,\"y\":1,\"width\":4,\"height\":1,\"id\":\"logo\"},{\"x\":4,\"y\":1,\"width\":8,\"height\":1,\"id\":\"primary-menu\"}],\"bottom\":[]},\"mobile\":{\"top\":[],\"main\":[{\"x\":0,\"y\":1,\"width\":8,\"height\":1,\"id\":\"logo\"},{\"x\":8,\"y\":1,\"width\":4,\"height\":1,\"id\":\"nav-icon\"}],\"bottom\":[],\"sidebar\":[{\"x\":0,\"y\":1,\"width\":8,\"height\":1,\"id\":\"primary-menu\"}]}}","footer_copyright_component_align":"center","hfg_footer_layout":"{\"desktop\":{\"top\":[],\"bottom\":[{\"x\":0,\"y\":1,\"width\":12,\"height\":1,\"id\":\"footer_copyright\"}]}}","neve_author_avatar":true,"neve_generated_style_version":1563262766,"neve_h1_font_size":"{\"suffix\":{\"mobile\":\"px\",\"tablet\":\"px\",\"desktop\":\"px\"},\"mobile\":25,\"tablet\":30,\"desktop\":45}","neve_h2_font_size":"{\"suffix\":{\"mobile\":\"px\",\"tablet\":\"px\",\"desktop\":\"px\"},\"mobile\":22,\"tablet\":22,\"desktop\":30}","neve_h2_line_height":"{\"mobile\":1.6,\"tablet\":1.6,\"desktop\":1.7}","neve_h3_font_size":"{\"suffix\":{\"mobile\":\"px\",\"tablet\":\"px\",\"desktop\":\"px\"},\"mobile\":20,\"tablet\":18,\"desktop\":23}","neve_h4_font_size":"{\"suffix\":{\"mobile\":\"px\",\"tablet\":\"px\",\"desktop\":\"px\"},\"mobile\":18,\"tablet\":16,\"desktop\":18}","neve_h5_font_size":"{\"suffix\":{\"mobile\":\"px\",\"tablet\":\"px\",\"desktop\":\"px\"},\"mobile\":16,\"tablet\":14,\"desktop\":16}","neve_h6_font_size":"{\"suffix\":{\"mobile\":\"em\",\"tablet\":\"em\",\"desktop\":\"px\"},\"mobile\":0.75,\"tablet\":0.75,\"desktop\":14}","neve_h1_line_height":"{\"mobile\":1.6,\"tablet\":1.6,\"desktop\":1.6}","hfg_footer_layout_bottom_color":"#004968","custom_logo":305,"logo_show_tagline":0,"logo_max_width":"{\"mobile\":120,\"tablet\":120,\"desktop\":150}","neve_advanced_layout_options":true,"neve_blog_archive_content_width":100,"neve_blog_archive_layout":"alternative","neve_post_excerpt_length":35,"__ti_import_menus_location":{"primary":"neve-energy-panels-main-menu"}},"wp_options":{"obfx_data":{"core_settings":[],"module_status":{"social-sharing":{"showed_notices":[]},"gutenberg-blocks":{"showed_notices":[],"active":false},"uptime-monitor":{"showed_notices":[]},"google-analytics":{"showed_notices":[]},"elementor-widgets":{"showed_notices":[],"active":true},"template-directory":{"showed_notices":[],"active":false},"menu-icons":{"showed_notices":[],"active":false},"mystock-import":{"showed_notices":[],"active":false},"policy-notice":{"showed_notices":[]},"safe-updates":{"showed_notices":[]}},"module_settings":{"safe-updates":{"auto_update_checks":"0"}}},"elementor_disable_color_schemes":"yes","elementor_disable_typography_schemes":"yes","elementor_load_fa4_shim":"yes"},"widgets":{"blog-sidebar":{"search-2":{"title":""},"recent-posts-2":{"title":"","number":5},"recent-comments-2":{"title":"","number":5},"archives-2":{"title":"","count":0,"dropdown":0},"categories-2":{"title":"","count":0,"hierarchical":0,"dropdown":0},"meta-2":{"title":""}}},"recommended_plugins":[],"mandatory_plugins":{"themeisle-companion":"Orbit Fox by ThemeIsle","elementor":"Elementor Page Builder"},"default_off_recommended_plugins":[],"front_page":{"front_page":"neve-energy-panels-homepage","blog_page":"demo-energy-panels-blog"},"shop_pages":null}